来源,内容链接,评论内容（仅保留有效内容）,评论内容(机翻仅作参考),情感,一级标签,二级标签,内容
Youtube,https://www.youtube.com/watch?v=RqS3KB_NJy4,Bg minta akun dong,Bg要求提供账户,非负,资讯讨论,账户问题,Bg 求个账号
Youtube,https://www.youtube.com/watch?v=RqS3KB_NJy4,"kil ya sana sama mobilegen yg dlu,jdi suka gw gm ini",和以前的手机传奇一样，所以我喜欢这个游戏,非负,期待/观望,期待体验游戏,杀和以前的手机传奇一样，所以我喜欢这个游戏
Youtube,https://www.youtube.com/watch?v=RqS3KB_NJy4,gw bg pidh moton gasih tim apas,我叫pidh moton gasih apas团队,非负,其他评论,无关评论,gw bg pidh moton gasih 蒂姆·阿帕斯
Youtube,https://www.youtube.com/watch?v=RqS3KB_NJy4,nama gm ya ap bg?,经理的名字是什么bg？,非负,其他评论,无关评论,叫什么名字，叫什么名字？
Youtube,https://www.youtube.com/watch?v=RqS3KB_NJy4,Aku lebih setia sama Minecraft,我更忠于 Minecraft,非负,产品对比,更喜欢我的世界,我更忠于 Minecraft
Youtube,https://www.youtube.com/watch?v=RqS3KB_NJy4,Halo 爆炸日,你好爆炸日,非负,其他评论,无关评论,Halo 爆炸日
Youtube,https://www.youtube.com/watch?v=RqS3KB_NJy4,Semangattt,Semangattt,非负,其他评论,无关评论,塞曼加特
Youtube,https://www.youtube.com/watch?v=RqS3KB_NJy4,Udh betah ke ml,将我移到ml,非负,产品对比,转玩无尽对决,去ml很舒服
Youtube,https://www.youtube.com/watch?v=RqS3KB_NJy4,Setia ml,忠诚ml,非负,产品对比,更愿意继续玩无尽对决,忠诚毫升
Youtube,https://www.youtube.com/watch?v=RqS3KB_NJy4,GAMS NYA JELEK IHH JGN DOWNLOAD IHH JELEL,游戏很糟糕，不要下载它很糟糕,负面,资讯讨论,吐槽游戏很糟糕,游戏很糟糕，不要下载 IHH BAD
Youtube,https://www.youtube.com/watch?v=RqS3KB_NJy4,Tetep mobile legends sih.,无论如何都要保留移动传奇。,非负,其他评论,希望HOK不会带走过多的无尽对决玩家,无论如何都要保留移动传奇。
Youtube,https://www.youtube.com/watch?v=RqS3KB_NJy4,Semoga rame nanti yang maen biar montoon gerah😁,希望会有很多人玩，所以Moonton会很热,负面,产品对比,吐槽会有很多人玩了之后退游去玩Moonton旗下的游戏,希望会有很多人玩，所以Moonton会很热
Youtube,https://www.youtube.com/watch?v=RqS3KB_NJy4,Udah nyoba dan lebih bagus dari ml gaboong gua tinggal nunggu rilis globalnya aja klo dah rilis global byee ml udah bosen sm ml wkwwk,我试过了，比ml gaboong好，我就等全球发布，等全球发布，byee ml，看腻了wkwwk,非负,产品对比,认为HOK比无尽对决好玩,我试过了，比ml gaboong好，我就等全球发布，等全球发布，byee ml，看腻了wkwwk
Youtube,https://www.youtube.com/watch?v=RqS3KB_NJy4,Kalo menurut gua itu mirip aov:arena of falor,我认为它类似于 Aov: Arena of Valor,非负,产品对比,认为HOK和AOV玩法类似,我觉得有点像Aov:Arena of Valor
Youtube,https://www.youtube.com/watch?v=RqS3KB_NJy4,Game plagiat sok keras,硬核抄袭游戏,负面,口碑品牌/商业化,抄袭sok keras（未查询到sok keras意思）,游戏抄袭sok keras
Youtube,https://www.youtube.com/watch?v=RqS3KB_NJy4,Kok kyk aov,我怎么会是Aov,非负,产品对比,对比Aov,急急忙忙
Youtube,https://www.youtube.com/watch?v=RqS3KB_NJy4,Itu mirilp aov bank,就像aov银行,非负,产品对比,不明评论,就像aov银行
Youtube,https://www.youtube.com/watch?v=RqS3KB_NJy4,Wah nama hero nya ke di dynasti warrior,哇，英雄的名字在三国无双,非负,产品对比,HOK很多英雄是三国无双里的角色,哇，英雄的名字在王朝战士
Youtube,https://www.youtube.com/watch?v=RqS3KB_NJy4,Gua pindah ke honor of King kerana gua selalu di prank monton masa gacca dan dalam game play,我搬到了《王者荣耀》，因为我总是在看 gacca 和玩游戏时被恶作剧,非负,期待/观望,会尝试HOK,我搬到了《王者荣耀》，因为我总是在看 gacca 和玩游戏时被恶作剧
Youtube,https://www.youtube.com/watch?v=RqS3KB_NJy4,Ini pasti moonton bagi bagi event skin gratis,免费皮肤活动必须是moonton,负面,产品对比,调侃HOK是MLBB用来卖皮肤的噱头,免费皮肤活动必须是moonton
Youtube,https://www.youtube.com/watch?v=RqS3KB_NJy4,cek dm ku bang day😭😭😭😭,检查我的DM BANG天😭😭😭😭,非负,其他评论,不明语义,检查dm ku bang day😭😭
Youtube,https://www.youtube.com/watch?v=RqS3KB_NJy4,"Kalau ada versi lite, auto migrasi gua dari ML",如果有一个精简版，自动将我从ML迁移过来,非负,资讯讨论,希望HOK能有精简版本,如果有精简版，则从 ML 自动迁移洞穴
Youtube,https://www.youtube.com/watch?v=RqS3KB_NJy4,Bro waiting for dimomd,兄弟等待Dimomd的到来,非负,资讯讨论,不明意义,兄弟等钻石
Youtube,https://www.youtube.com/watch?v=RqS3KB_NJy4,"Hero ini kalau di Aov namanya Toro.
Cuma agak beda dikit.
Dia tank/support","Aov中的这个英雄叫做Toro。
只是有点不同。
他是坦克/支援",非负,产品对比,对比英雄Toro,Aov中的这个英雄叫做Toro。 只是有点不同。 他是坦克/支援
Youtube,https://www.youtube.com/watch?v=RqS3KB_NJy4,Males ngapalin skill sama fungsi itemnya,领导技能及其功能,非负,资讯讨论,讨论技能,懒惰用物品的功能做技能
Youtube,https://www.youtube.com/watch?v=RqS3KB_NJy4,aku yang nama JS PIAN,我的名字是JS PIAN,非负,其他评论,无关评论,我的名字是JS PIAN
Youtube,https://www.youtube.com/watch?v=RqS3KB_NJy4,Bang kata nya bang bagi bagi skin di ml,兄弟，你说要在ml上分享皮肤,非负,产品对比,讨论在无尽对决上分享皮肤,兄弟，你说，在ml上分享皮肤
Youtube,https://www.youtube.com/watch?v=RqS3KB_NJy4,Bang skin nya kapan dat,大哥什么时候出皮肤,非负,口碑品牌/商业化,咨询皮肤什么时候上架,兄弟什么时候出皮肤
Youtube,https://www.youtube.com/watch?v=RqS3KB_NJy4,Ya Allah semoga monton hidunnya ancur aminn 🗿,Ya Allah，愿他的前世被摧毁，阿门,负面,产品对比,不明语义,Ya Allah，愿他的前世被摧毁，阿门
Youtube,https://www.youtube.com/watch?v=RqS3KB_NJy4,Bang cara biar ad tombol ganti server gimana bang,兄弟，换服务器按钮怎么弄的，怎么弄的？,非负,资讯讨论,咨询怎么更换服务器,兄弟，你如何获得更改服务器按钮，你是怎么做的？
Youtube,https://www.youtube.com/watch?v=RmyIrp9peCo,"Daji kalau di aov veera, dan untuk gameny kayak aov juga main objektif bukan banyak2kan kill kayak ml",妲己如果是在Aov Veera，对于像Aov这样的游戏，你也玩客观，不像ml那样杀太多,非负,产品对比,对比AOV和HOK的妲己,妲己如果是在Aov Veera，对于像Aov这样的游戏，你也玩客观，不像ml那样杀太多
Youtube,https://www.youtube.com/watch?v=RmyIrp9peCo,Nunggu rilis global aja,等待全球发布,非负,期待/观望,期待全球发布,等待全球发布
Youtube,https://www.youtube.com/watch?v=RmyIrp9peCo,Bang review game warsong LG bg,兄弟，LG战歌游戏评测很棒,非负,资讯讨论,讨论LG bg测评,兄弟，LG战歌游戏评测很棒
Youtube,https://www.youtube.com/watch?v=RmyIrp9peCo,di aov jg sama bng berhasil dpt buff ny jg.. di aov jd hero veera,在aov中，也是一样的，我也设法获得了buff……在aov中，她成为了英雄维拉,非负,产品对比,对比AOV和HOK英雄薇拉,在aov中，也是一样的，我也设法获得了buff……在aov中，她成为了英雄维拉
Youtube,https://www.youtube.com/watch?v=RmyIrp9peCo,"Bang coba review LOKAPALA lg bang, ingin tau perkembangan nya sekarang bang 🙏",兄弟，再试试看LOCAPALA，兄弟，我想知道现在的进展，兄弟🙏,非负,产品对比,讨论洛卡帕拉手游,兄弟，再试试看LOCAPALA，兄弟，我想知道现在的进展，兄弟🙏
Youtube,https://www.youtube.com/watch?v=RmyIrp9peCo,Kirain versi open world nya,开放世界的版本,非负,期待/观望,期待有开放世界的版本,猜猜开放世界版
Youtube,https://www.youtube.com/watch?v=RmyIrp9peCo,"sering"" bang bikin gameplay HOK makin jdi penasaran,keep spirit!",经常玩这个游戏会让HOK的玩法更让人好奇，保持这种精神,非负,资讯讨论,讨论HOK的玩法,频繁的“浪费”让HOK的玩法更加好奇，保持精神！
Youtube,https://www.youtube.com/watch?v=RmyIrp9peCo,Waktunya pindah game yang lebih baik,是时候转向更好的游戏了,非负,期待/观望,期待游戏变得更好,是时候进行一场更好的比赛了
Youtube,https://www.youtube.com/watch?v=RmyIrp9peCo,apakah sistem update nya bakal kayak lol yang download ulang atau kayak ml yang update in game,更新系统是像lol那样重新下载，还是像ml那样在游戏中更新？,非负,产品对比,对比无尽对决的更新方式,更新系统会像lol重新下载还是像游戏中的ml更新
Youtube,https://www.youtube.com/watch?v=RmyIrp9peCo,"Ke inget film china buatan studio tencent, game nya itu skrng, baru rilis trnyata",我记得腾讯工作室拍的中国电影，游戏就是现在，刚刚发布,非负,其他评论,无关评论,还记得腾讯工作室制作的中国电影吗，游戏现在，刚刚发布，显然
Youtube,https://www.youtube.com/watch?v=RmyIrp9peCo,Geser ml buriq,幻灯片 ml buriq,非负,其他评论,讨论无尽对决预告片,幻灯片 ml buriq
Youtube,https://www.youtube.com/watch?v=RmyIrp9peCo,Kok mirip aov ya,怎么看起来像aov啊？,非负,产品对比,认为HOK和AOV玩法类似,怎么看起来像aov啊？
Youtube,https://www.youtube.com/watch?v=RmyIrp9peCo,Bg skrng koq ml gk seruuu lagi yaa bnyk cheater ny bg 😭😭😭😭 coba search cheat ml terbaru di yt banyak bngt bazirrr gmna cara ngelaporin akun yt ny bg,Bg现在，为什么ml不再有趣了，有这么多作弊者尝试在yt上搜索最新的ml作弊，有很多bazirrr，您如何举报yt帐户？,非负,产品对比,讨论无尽对决开挂玩家多,Bg现在，为什么ml不再有趣了，有这么多作弊者尝试在yt上搜索最新的ml作弊，有很多bazirr，您如何举报yt帐户？
Youtube,https://www.youtube.com/watch?v=RmyIrp9peCo,Bang buat konten dong hero apa aja di kog yang sudah di adaptasi ke aov!!!,兄弟，你在Kog中有哪些已经适应Aov的英雄！！！,非负,产品对比,讨论在HOK中适应的Aov英雄,兄弟，你在Kog中有哪些已经适应Aov的英雄！！
Youtube,https://www.youtube.com/watch?v=RmyIrp9peCo,Ada bang aov karna pembuatnya juga sama,有一个兄弟aov，因为制造商是一样的,非负,产品对比,HOK和aov制造团队一样,有一个兄弟aov，因为制造商是一样的
Youtube,https://www.youtube.com/watch?v=RmyIrp9peCo,Alpha test aja grafik keren kyk gini apalagi nanti rilis global indo,Alpha 测试，像这样很酷的图形，尤其是当它要在全球发布时,非负,期待/观望,说游戏内测画面很酷,Alpha 测试，像这样很酷的图形，尤其是当它要在全球发布时
Youtube,https://www.youtube.com/watch?v=RmyIrp9peCo,Sokin ngopi biar muntun ngasih skin gratis,索金咖啡给我自由肌肤,非负,期待/观望,希望得到免费的皮肤,索金咖啡给你自由肌​​肤
Youtube,https://www.youtube.com/watch?v=RmyIrp9peCo,Gabakal laku,它不会工作,非负,其他评论,无关评论,它不会工作
Youtube,https://www.youtube.com/watch?v=RmyIrp9peCo,Auto uninstal monntooood,自动卸载 monntooood,非负,游戏故障/BUG反馈,游戏自动拆卸,自动卸载 monntood
Youtube,https://www.youtube.com/watch?v=RmyIrp9peCo,Apakah moonton akan ketar-ketir kembali dengan game baru dimobile,Moonton 会在手机上推出新游戏吗？,负面,其他评论,询问沐瞳会在手机上推出其他游戏吗,Moonton 会在手机上推出新游戏吗？
Youtube,https://www.youtube.com/watch?v=RmyIrp9peCo,IOS kapan bang,IOS什么时候？,非负,期待/观望,期待出iOS版本,IOS什么时候？
Youtube,https://www.youtube.com/watch?v=RmyIrp9peCo,Percumah bang kalo terlalu hd gk bakal laku kaya lol mobile kalo bisa di pangkas lg ukuran nya mukin bakal jadi rival ml,没用，如果太高清就卖不出去像手机lol了，如果能剪裁的话，它的大小恐怕就是对手了。,非负,资讯讨论,讨论游戏关于文件大小的问题,没用，如果太高清就卖不出去像手机lol了，如果能剪裁的话，它的大小恐怕就是对手了。
Youtube,https://www.youtube.com/watch?v=RmyIrp9peCo,"Kok di aku baru selesai tulisan timi langsung ada tulisan ""sorry, you are not in a region in which we are conducting an open test"" pdhl dah pake vpn",为什么我刚写完蒂米，它说“对不起，你不在我们正在进行公开测试的地区”，即使我使用的是 VPN,非负,资讯讨论,VPN登录游戏出现bug,为什么我刚写完蒂米，它说“对不起，你不在我们正在进行公开测试的地区”，即使我使用的是 VPN
Youtube,https://www.youtube.com/watch?v=RmyIrp9peCo,"Kalo yang server china itu king of glory bukan, bang ?? Kok dari mapnya hampir mirip kek king of glory",中国服务器是王者荣耀，不是吗，砰，怎么地图和王者荣耀几乎一样？,非负,资讯讨论,讨论hok的地图与国内服地图完全一样,中文服务器是王者荣耀吧，兄弟？？怎么从地图上看几乎像王者荣耀蛋糕
Youtube,https://www.youtube.com/watch?v=RmyIrp9peCo,Nah akhir nya yg di tunggu2 kog pensi ml ganti kog,现在是等待的结束了，我换了我的。,非负,资讯讨论,王者终于开启内测可以玩了,好吧，终于等到什么了，为什么要换 pensi ml？
Youtube,https://www.youtube.com/watch?v=RmyIrp9peCo,Ketawa mu bikin gemes banggg.. 😍🤤,你的笑让我很可爱..😍🤤,非负,其他评论,无关评论,Ketawa mu bikin gemes bangg 😍🤤
Youtube,https://www.youtube.com/watch?v=RmyIrp9peCo,Pgn nyoba tp gada nomor bwt registrasi gmail :(,我想试试，但没有 gmail 注册号码 :(,非负,期待/观望,想玩但没注册邮箱的号码,我想试试，但没有 gmail 注册号码
Youtube,https://www.youtube.com/watch?v=RmyIrp9peCo,Bang kok saya pas mau masuk ke game nya ada tulisan sorry network unstable ya ga bisa konek,砰！为什么我想进入游戏时，它说对不起，网络不稳定，我无法连接。,非负,游戏故障/BUG反馈,报错，提示网络不稳定，无法连接游戏,老哥，怎么一进游戏就说sorry 网络不稳定，无法连接
Youtube,https://www.youtube.com/watch?v=RmyIrp9peCo,"Walaupun ada game Moba yang baru rilis, entah kenapa mau pindah game dari moonton gak bisa bet... Yaa walaupun itu game isinya bocah"" rasis sara",尽管有新的 Moba 游戏发布，但出于某种原因，我想将游戏从 Moonton 移出，我不能打赌……是的，即使它是一个包含种族主义 sara 的游戏,非负,其他评论,尽管沐瞳的游戏无尽对决种族歧视和歧视小孩子，但因为一些原因，他仍然不想放弃无尽对决改玩HOK,尽管有新的 Moba 游戏发布，但出于某种原因，我想将游戏从 Moonton 移出，我不能打赌……是的，即使它是一个包含种族主义 sara 的游戏
Youtube,https://www.youtube.com/watch?v=5RBTwrSlWeo,Esse moba min lembra muito o falecindo Champion Legions n sei pq essa menina do livro min lembra a Winona,这个moba min让我想起了很多路过的冠军军团我不知道为什么书中的这个女孩让我想起了Winona,非负,其他评论,voa游戏让我想起了《饥荒》里的薇诺娜,这个moba min让我想起了很多路过的冠军军团我不知道为什么书中的这个女孩让我想起了Winona
Youtube,https://www.youtube.com/watch?v=5RBTwrSlWeo,esse vai ser daora demais,这太糟糕了,负面,资讯讨论,说游戏体验不行,这太糟糕了
Youtube,https://www.youtube.com/watch?v=5RBTwrSlWeo,Só o vpn que não tá sendo muito bom,只有vpn不是很好,非负,资讯讨论,说VPN不是很好用,只有vpn不是很好
Youtube,https://www.youtube.com/watch?v=5RBTwrSlWeo,Joga de tank pai,父亲坦克游戏,非负,资讯讨论,是个坦克比较强势的游戏,父亲坦克游戏
Youtube,https://www.youtube.com/watch?v=5RBTwrSlWeo,Bom ter folego novo que seja o sucessor do Aov pra min vai brigar diretamente com Mobile legends ja que wild ta se recuperando da flopada com seus 3.7 na play store Aov ja tem 4.0 perdendo so pro mobile legends mais com essa nova proposta creio que chega detonando no hype so num fzer oque quase fizeram no wild rift ou balancear herois na base do proprio bolso com vendas de skins como a moonton faz se num fosse isso mobile legends era 4.5 facil o jogo e gostoso mais desbalanceado em alguns setores,很高兴拥有新的气息，它是 Aov 的继任者，它将直接与 Mobile Legends 对抗，因为 Wild 正在从 flopada 中恢复过来，它在 Play 商店中的 3.7 Aov 已经有 4.0 只输给了移动传奇，但我认为有了这个新提议它在炒作中引爆只是不要做他们在狂野裂痕中几乎做的事情，或者根据自己的口袋平衡英雄，像moonton那样销售皮肤，如果不是移动传奇4.5容易游戏很好吃部分行业更加不平衡,非负,期待/观望,很赞赏这个游戏，很喜欢有新的自己喜欢的游戏出现，这个游戏跟AOV是一样的，今后将会赢得市场的青睐,很高兴拥有新的气息，它是 Aov 的继任者，它将直接与 Mobile Legends 对抗，因为 Wild 正在从 flopada 中恢复过来，它在 Play 商店中的  .  Aov 已经有  .  只输给了移动传奇，但我认为有了这个新提议它在炒作中引爆只是不要做他们在狂野裂痕中几乎所做的事情，或者根据他们自己的口袋来平衡英雄，像moonton那样销售皮肤，如果不是移动传奇 . 容易游戏很好吃部分行业更加不平衡
Youtube,https://www.youtube.com/watch?v=5RBTwrSlWeo,quando vem oficialmente para o servidor Brasileiro?,什么时候正式登陆巴西服务器？,非负,期待/观望,巴西什么时候能玩,什么时候正式登陆巴西服务器？
Youtube,https://www.youtube.com/watch?v=5RBTwrSlWeo,Voltei *,我回去了 *,非负,其他评论,无关评论,我回去了 *
Youtube,https://www.youtube.com/watch?v=5RBTwrSlWeo,Votei para dizer que eu tô quase platina já,我投票说我已经几乎是白金了,非负,其他评论,无关评论,我投票说我已经几乎是白金了
Youtube,https://www.youtube.com/watch?v=5RBTwrSlWeo,Fala Ashi achei estranho tu n citar wild rift em nenhum momento pq? Kkkk,说起阿诗，我觉得奇怪的是，你从来没有提到过大裂谷，因为？哈哈哈哈,非负,其他评论,无关评论,说起阿诗，我觉得奇怪，你从来没有提到过大裂谷，因为？哈哈
Youtube,https://www.youtube.com/watch?v=5RBTwrSlWeo,Amei A sindra,我爱辛德拉,非负,产品对比,喜欢lol的辛德拉,阿梅·辛德拉
Youtube,https://www.youtube.com/watch?v=5RBTwrSlWeo,Ela é literalmente a Natalya do AoV,她实际上是来自 AoV 的 Natalya,非负,资讯讨论,讨论AOV版本安琪拉,她实际上是来自 AoV 的 Natalya
Youtube,https://www.youtube.com/watch?v=5RBTwrSlWeo,Eii mano o meu tá pedindo uma atualização soq não tem kk,嘿，我的兄弟要求更新，所以没有 kk,非负,其他评论,不明语义,嘿兄弟我的要求更新soq没有kk
Youtube,https://www.youtube.com/watch?v=5RBTwrSlWeo,"Já sabia, esse jogo é uma maravilha versão completa do AOV.",我已经知道，这个游戏是AOV的奇迹完整版。,非负,期待/观望,觉得AOV版本已经很完整了,我已经知道，这个游戏是AOV的奇迹完整版。
Youtube,https://www.youtube.com/watch?v=5RBTwrSlWeo,"Cara tava mesmo precisando de um Moba diferenciado pra jogar, desde que vi que tinha que pagar o evento do Rakan e da Xayah no WR me desanimou muito no jogo, empresa que não entende o próprio público e prefere só sugar o máximo de dinheiro possível merece é que o jogo seja um flop mesmo.
Dou 3 semanas até o hype desse jogo acabar de novo.",伙计，我真的需要一个不同的 Moba 来玩，因为我看到我必须为 Rakan 和 Xayah 在 WR 的活动付费，我在游戏中非常气馁，一家不了解自己的观众并且更喜欢吸的公司尽可能多的钱应该是游戏失败了。我给了 3 周的时间，直到这场比赛的炒作再次结束。,非负,资讯讨论,他想玩王者国际服，他需要这样的一个新颖的 Moba 游戏,伙计，我真的需要一个不同的 Moba 来玩，因为我看到我必须为 Rakan 和 Xayah 在 WR 的活动付费，我在游戏中非常气馁，一个不了解自己的观众并且更喜欢只是烂的公司尽可能多的钱应该是游戏失败了。 我给了   周的时间，直到这场比赛的炒作再次结束。
Youtube,https://www.youtube.com/watch?v=is7tsLA25Gk,"Wih ada Hero AOV , lumbur dan ata",有 Hero AOV、lumbur 和 ata,非负,资讯讨论,AOV版本王者有牛魔,有 Hero AOV、lumbur 和 ata
Youtube,https://www.youtube.com/watch?v=is7tsLA25Gk,Is this just reskin aov?,这只是重新皮肤aov吗？,非负,资讯讨论,质疑重现aov皮肤,这只是重新皮肤aov吗？
Youtube,https://www.youtube.com/watch?v=is7tsLA25Gk,Just gonna wait,只能等,非负,期待/观望,期待游戏,只能等
Youtube,https://www.youtube.com/watch?v=is7tsLA25Gk,Do u still need the thing like qq and,你还需要qq之类的东西吗？,非负,资讯讨论,询问需要下载QQ吗,你还需要qq之类的东西吗？
Youtube,https://www.youtube.com/watch?v=is7tsLA25Gk,Download nya dimana bang,老哥在哪里下载啊？,非负,期待/观望,在哪里下载游戏,老哥在哪里下载啊？
Youtube,https://www.youtube.com/watch?v=is7tsLA25Gk,What are the best vpn recommendations?,什么是最好的 VPN 推荐？,非负,期待/观望,出国求解，询问用的什么VPN,什么是最好的 VPN 推荐？
Youtube,https://www.youtube.com/watch?v=is7tsLA25Gk,HOK came out first most AOV heroes has a version of themselves in HOK because I played them both once,HOK 最先出现 大多数 AOV 英雄在 HOK 中都有自己的版本，因为我都玩过一次,非负,产品对比,这两个游戏是一样的,HOK 最先出现 大多数 AOV 英雄在 HOK 中都有自己的版本，因为我都玩过一次
Youtube,https://www.youtube.com/watch?v=is7tsLA25Gk,"versi HOK nya Gildur OP banget, kalo di AOV mah attkspd nya lelet banget buat pasifnya ga cocok buat midlaner cocoknya jadi support",Gildur的HOK版本真的是OP，AOV中，被动攻击很慢，不适合中单，适合辅助,非负,产品对比,对比游戏，在这里应该用这个英雄玩op法师,Gildur的HOK版本真的是OP，AOV中，被动攻击很慢，不适合中单，适合辅助
Youtube,https://www.youtube.com/watch?v=is7tsLA25Gk,"Are they gonna kill Arena of Valor now???? Like yeah Legends of Glory, This and RE:AETETIS is so much better but how about all those money i have spend?????",他们现在要杀了Arena of Valor？？？？就像是的荣耀传奇，这和RE：AETETIS好多了，但是我花的那些钱呢？？？？？,非负,产品对比,觉得hok要覆盖aov,他们现在要杀了Arena of Valor？？就像是的荣耀传奇，这和RE：AETETIS好多了，但是我花的那些钱呢？？
Youtube,https://www.youtube.com/watch?v=is7tsLA25Gk,Lauriel & Ilumia please,劳里尔和伊卢米亚请,非负,资讯讨论,露米娅就是武则天,劳里尔和伊卢米亚请
Youtube,https://www.youtube.com/watch?v=is7tsLA25Gk,In mobile ??,手机里？？,非负,期待/观望,手机游戏,手机里？？
Youtube,https://www.youtube.com/watch?v=is7tsLA25Gk,So HOK and AOV will co-exsist right? Because im not really follow the news.,那么HOK和AOV会共存对吗？因为我没有真正关注新闻。,非负,产品对比,HOK和AOV可以共存吗,那么HOT和AOV会并存对吧？因为我不是真的关注新闻。
Youtube,https://www.youtube.com/watch?v=is7tsLA25Gk,"So when do u think the game will officially release? 
By end of year or 2023?",那么你觉得这款游戏什么时候会正式发售呢？到年底还是 2023 年？,非负,期待/观望,期待游戏正式上线,那么你觉得这款游戏什么时候会正式发售呢？ 到年底还是   年？
Youtube,https://www.youtube.com/watch?v=is7tsLA25Gk,Hope they add fb login,希望他们添加fb登录,非负,期待/观望,希望可以用脸书账号登录,希望他们添加fb登录
Youtube,https://www.youtube.com/watch?v=is7tsLA25Gk,Chinese heroes 90%😴,中国英雄90%😴,非负,资讯讨论,基本90%都是中国英雄,中国英雄 %😴
Youtube,https://www.youtube.com/watch?v=is7tsLA25Gk,I can smell laging enter of my mind,我能闻到迟滞进入我脑海的味道,非负,其他评论,无关评论,我能闻到迟滞进入我脑海的味道
Youtube,https://www.youtube.com/watch?v=is7tsLA25Gk,How to fix the unstable network plsss,如何解决网络不稳定的问题？,非负,资讯讨论,询问如何解决网络不稳定,如何修复不稳定的网络请
Facebook,https://www.facebook.com/vampiragwyn/posts/pfbid035zPNTuctLi67EvYQAp5Nxvo6jtjaNxktt8KHLtTHvSLYn4E1VDn1Ta5MEDtXi7eNl,":'v yo lo quería jugar, Vampi llévame a México",K:'v我想玩它，Vampi带我到墨西哥。,非负,期待/观望,想要体验游戏，希望作者能够帮助体验,v 我想玩，吸血鬼带我去墨西哥
Facebook,https://www.facebook.com/vampiragwyn/posts/pfbid035zPNTuctLi67EvYQAp5Nxvo6jtjaNxktt8KHLtTHvSLYn4E1VDn1Ta5MEDtXi7eNl,"Si está precioso
Con mi Luban no.7","是的，它很美
用我的鲁班七号",非负,资讯讨论,玩家分享体验游戏截图,是的，它很漂亮 和我的鲁班 号
Facebook,https://www.facebook.com/vampiragwyn/posts/pfbid035zPNTuctLi67EvYQAp5Nxvo6jtjaNxktt8KHLtTHvSLYn4E1VDn1Ta5MEDtXi7eNl,Que buen servicio y buena info.,多么好的服务和好的信息。,非负,期待/观望,期待能体验游戏,多么好的服务和好的信息。
Facebook,https://www.facebook.com/vampiragwyn/posts/pfbid035zPNTuctLi67EvYQAp5Nxvo6jtjaNxktt8KHLtTHvSLYn4E1VDn1Ta5MEDtXi7eNl,Entonces esto es arena of valor pero chino,因此，这是一个aov，但中国的,负面,产品对比,吐槽复制粘贴aov,所以这是英勇的竞技场，但中国
Facebook,https://www.facebook.com/vampiragwyn/posts/pfbid035zPNTuctLi67EvYQAp5Nxvo6jtjaNxktt8KHLtTHvSLYn4E1VDn1Ta5MEDtXi7eNl,Ah mi no me aparece en la play,啊，我在游戏中没有看到它,非负,资讯讨论,讨论未在游戏中看到视频相关角色,Oh my 没出现在剧中
Facebook,https://www.facebook.com/vampiragwyn/posts/pfbid035zPNTuctLi67EvYQAp5Nxvo6jtjaNxktt8KHLtTHvSLYn4E1VDn1Ta5MEDtXi7eNl,Emm noce de dónde descargaste esa informacion pero level infinit se afilió a tencent el año pasado. Todo lo de mas está bien ,Emm我不知道你从哪里下载的信息，但是幻塔国际版去年与腾讯合作。其他都很好 ,负面,口碑品牌/商业化,吐槽与腾讯合作的幻塔手游不尽如人意,Emm 不知道你是从哪里下载的资料，level infinit 去年加入了腾讯。其他一切都很好
Facebook,https://www.facebook.com/vampiragwyn/posts/pfbid035zPNTuctLi67EvYQAp5Nxvo6jtjaNxktt8KHLtTHvSLYn4E1VDn1Ta5MEDtXi7eNl,Soy de Ecuador lo probé tengo 60 ms con VPN a México mi primera impresión estar muy bien optimizado para teléfono de gama media como el mío trataré de probarlo en un teléfono de gama baja pero en si es muy entrenidos me costará adaptarme a los items pero en si está muy divertido más los personajes de colaboración de SNK ,我来自厄瓜多尔，我试了一下，我有60毫秒的VPN到墨西哥，我的第一印象是非常好的优化，像我这样的中档手机，我将尝试在低端手机上尝试，但如果它是非常entrenidos我将花费我适应的项目，但如果它是非常有趣的更多的合作字符SNK。,非负,资讯讨论,评价游戏优化很好/可以适应很多低处理器的手机,我来自厄瓜多尔 我试过了 我有   毫秒的 VPN 到墨西哥 我的第一印象是它非常适合像我这样的中档手机我会尝试在低端手机上测试它但如果它非常受过训练的我很难适应这些项目但如果它很有趣加上SNK的合作角色
Facebook,https://www.facebook.com/vampiragwyn/posts/pfbid035zPNTuctLi67EvYQAp5Nxvo6jtjaNxktt8KHLtTHvSLYn4E1VDn1Ta5MEDtXi7eNl,ojala llegue a mi pais,我希望它能来到我的国家,非负,资讯讨论,希望能够在自己的国家开放体验,我希望我来到我的国家
Facebook,https://www.facebook.com/groups/WZMalaysia/posts/2856899091283484/,果然猪不可以放在国际服因为有些国家会 haram的🤭😂 王者也要 halal才可以,果然猪不可以放在国际服因为有些国家会 haram的🤭😂 王者也要 halal才可以,负面,其他评论,吐槽需要顾及清真以及其他宗教信仰，所以修改了猪八戒，牛魔等角色,果然猪不可以放在国际服因为有些国家会 haram的🤭😂 王者也要 halal才可以
Facebook,https://www.facebook.com/groups/WZMalaysia/posts/2856899091283484/,哇离谱，拿云缨做封面,哇离谱，拿云缨做封面,非负,资讯讨论,讨论用游戏角色云樱做封面,哇离谱，拿云缨做封面
Facebook,https://www.facebook.com/groups/WZMalaysia/posts/2856899091283484/,笑死 国际版都出了😂🤡,笑死 国际版都出了😂🤡,非负,资讯讨论,讨论王者国际服也出了,笑死 国际版都出了😂🤡
Facebook,https://www.facebook.com/groups/WZMalaysia/posts/2856899091283484/,感覺玩國際版會很炸心態，尤其和indon 還有一些馬來kampung的小弟弟玩，看mobile legend就知道了。 不過中國的也差不多，也是很多動不動就噴CNM的😂😂唯一不同的是打團比較容易語言溝通，要選我還是會選擇中國版的,感覺玩國際版會很炸心態，尤其和indon 還有一些馬來kampung的小弟弟玩，看mobile legend就知道了。 不過中國的也差不多，也是很多動不動就噴CNM的😂😂唯一不同的是打團比較容易語言溝通，要選我還是會選擇中國版的,非负,资讯讨论,讨论国际服游戏内环境不好,感觉玩国际版会很炸心态，尤其和indon 还有一些马来kampung的小弟弟玩，看mobile legend就知道了。不过中国的也差不多，也是很多动不动就喷CNM的😂😂唯一不同的是打团比较容易语言沟通，要选我还是会选择中国版的
Facebook,https://www.facebook.com/groups/WZMalaysia/posts/2856899091283484/,蒙犽两父子没有的？,蒙犽两父子没有的？,非负,资讯讨论,询问游戏角色是否有蒙犽父子,蒙犽两父子没有的？
Facebook,https://www.facebook.com/groups/WZMalaysia/posts/2856899091283484/,准备炸鱼\\٩( 'ω' )و //,准备炸鱼\\٩( 'ω' )و //,非负,期待/观望,老玩家期待体验游戏,准备炸鱼\\ ( ω )و //
Facebook,https://www.facebook.com/groups/WZMalaysia/posts/2856899091283484/,Taptap可以先预约。,Taptap可以先预约。,非负,其他评论,分享hok预约地方,Taptap可以先预约。
Facebook,https://www.facebook.com/groups/1045162409393668/posts/1069131273663448/,"Can I see the quality ""in game?"" Is their HDR the same as the Chinese version. I'm afraid they need to tone down the quality a bit.","我可以看到 ""游戏中 ""的质量吗？他们的HDR和中国版的一样吗。我担心他们需要把质量调低一些。",非负,资讯讨论,询问游戏质量（HDR）会否降低,我可以在“游戏中”看到质量吗？他们的HDR和中文版一样吗。恐怕他们需要稍微降低质量。
Facebook,https://www.facebook.com/groups/1045162409393668/posts/1069131273663448/,How did you download the resources bro? Having problem with it.,你是如何下载这些资源的，兄弟？有问题了。,非负,资讯讨论,询问如何下载体验游戏,老哥你是怎么下载资源的？有问题。
Reddit,https://www.reddit.com/r/MobileLegendsGame/comments/w1mcqr/ask_me_whatever_you_want_about_hok_alpha/,Is there a hero similar to argus in HoK thats not a useless pick,HoK有没有类似阿古斯的英雄那不是无用的选择,非负,产品对比,对比英雄角色，询问是否有类似阿古斯的英雄,HoK里有没有类似阿古斯的英雄那不是无用的选择
Reddit,https://www.reddit.com/r/MobileLegendsGame/comments/w1mcqr/ask_me_whatever_you_want_about_hok_alpha/,"There's no hero with immortality in the alpha, but there might be one on the final version of the game lol. The closest is some heroes that get crazy damage reduction and CC immunity.",Alpha 版中没有不朽的英雄，但游戏的最终版本中可能会有一个，哈哈。最接近的是一些获得疯狂伤害减免和CC免疫的英雄。,非负,产品对比,讨论Alpha 测试中的游戏英雄/对比技能属性,Alpha 版中没有不朽的英雄，但游戏的最终版本中可能会有一个，哈哈。最接近的是一些获得疯狂伤害减免和CC免疫的英雄。
Reddit,https://www.reddit.com/r/MobileLegendsGame/comments/w1mcqr/ask_me_whatever_you_want_about_hok_alpha/,"In terms of quality, which game is better?
Personally I despise the fact that heroes in ML look like candle wax figures You can buy for less than a dolar","在质量方面，哪个游戏更好？
我个人鄙视 ML 中的英雄看起来像蜡烛蜡像你可以花不到一美元买到",非负,产品对比,讨论无尽对决和王者那个英雄外观质量更好/吐槽无尽对决英雄外观质感,在质量方面，哪个游戏更好？ 我个人鄙视 ML 中的英雄看起来像蜡烛蜡像你可以花不到一美元买到
Reddit,https://www.reddit.com/r/MobileLegendsGame/comments/w1mcqr/ask_me_whatever_you_want_about_hok_alpha/,"It depends on what you mean by quality, please be more specific XD",这取决于你所说的质量是什么意思，请更具体XD,非负,产品对比,回复上贴中讨论的质量是什么,这取决于您所说的质量，请更具体 
Reddit,https://www.reddit.com/r/MobileLegendsGame/comments/w1mcqr/ask_me_whatever_you_want_about_hok_alpha/,"By graphics and quality of life I mean
Also any hero similar to Ruby? (Or atleast based off of Red Riding Hood)","我的意思是图形和生活质量
还有和鲁比类似的英雄吗？ （或至少基于小红帽）",非负,产品对比,对比讨论王者和ml的画质/询问是否有与卢比或者小红帽相似的英雄,我的意思是图形和生活质量 还有和鲁比类似的英雄吗？ （或至少基于小红帽）
Reddit,https://www.reddit.com/r/MobileLegendsGame/comments/w1mcqr/ask_me_whatever_you_want_about_hok_alpha/,"Now talking about Ruby, the closest character is Bai Qi, but even him is not too similar. He has crazy lifesteal, his S1 is similar to ruby S2 but with less CC and more damage, his S2 is similar to the hook but worse. He doesn't have the jump passive and the amount of CC, I feel like he is more focused in damage even thou he's a tank. And no, unfortunately there's no red riding hood character since the game is mostly Chinese inspired, but I'm pretty sure there's a character with a skin like that. Also, don't tell anyone but Ruby's new collector skin is literally the character called Ying lmao",现在说起鲁比，最接近的人物是白起，但就连他也不是太像。 他有疯狂的吸血，他的S1类似于红宝石S2，但CC更少，伤害更高，他的S2类似于钩子，但更差。 他没有跳跃被动和控制量，我觉得即使他是坦克，他也更专注于伤害。 不，不幸的是，由于游戏主要受中国启发，因此没有红帽角色，但我很确定有这样的皮肤角色。 另外，不要告诉任何人，除了 Ruby 的新收藏家皮肤，字面上就是那个叫 Ying lmao 的角色,非负,产品对比,对比英雄角色卢比和白起的技能和属性/回应上贴无小红帽角色的英雄但有类似皮肤,现在说起鲁比，最接近的人物是白起，但就连他也不是太像。他有疯狂的吸血，他的S 类似于红宝石S ，但CC更少，伤害更高，他的S 类似于钩子，但更差。他没有跳跃被动和控制量，我觉得他更专注于伤害，即使他是坦克。不，不幸的是，由于游戏主要受中国启发，因此没有红帽角色，但我很确定有这样的皮肤角色。另外，不要告诉任何人，除了 Ruby 的新收藏家皮肤，字面上就是那个叫 Ying lmao 的角色
Reddit,https://www.reddit.com/r/MobileLegendsGame/comments/w1mcqr/ask_me_whatever_you_want_about_hok_alpha/,"In terms of graphics it looks WAAAAY batter than MLBB in my opinion, the game is gorgeous even if you don't go full quality settings. It's crazy honestly. Now in terms of quality of life, there are some good things like an ""assistant"" that makes sure you check all events and claim them in a single page, mine is kinda bugged right now but it's good when it's not, so I'm waiting for the full release for them to fix it. The main page is also pretty and simple. The post game stats are way more complete, they show stats in details that MLBB does not show and I love it. But in my opinion the in-match shop is really bad and confusing, MLBB shop is way better.",在我看来，就图形而言，它看起来比 MLBB 好得多，即使你没有完全设置质量，游戏也很华丽。 老实说，这很疯狂。 现在就生活质量而言，有一些好东西，例如“助手”，可以确保您检查所有事件并在一个页面中声明它们，我的现在有点错误，但如果不是这样很好，所以我 等待完整版本让他们修复它。 主页也很漂亮和简单。 赛后统计数据更加完整，它们详细显示了 MLBB 没有显示的统计数据，我喜欢它。 但在我看来，比赛中的商店真的很糟糕而且令人困惑，MLBB 商店要好得多。,非负,产品对比,讨论游戏画质，角色外观优于无尽对决/评价游戏主页简约大方，赛后数据完整清晰/吐槽对局商店比较糟糕不够完善不如无尽对决,在我看来，就图形而言，它看起来比 MLBB 好得多，即使你没有完全设置质量，游戏也很漂亮。老实说，这很疯狂。现在就生活质量而言，有一些不错的东西，例如“助手”，可以确保您检查所有事件并在一个页面中声明它们，我的现在有点错误，但如果不是这样很好，所以我等待完整版本让他们修复它。主页也很漂亮和简单。赛后统计数据更加完整，它们详细显示了 MLBB 没有显示的统计数据，我喜欢它。但在我看来，比赛中的商店真的很糟糕而且令人困惑，MLBB 商店要好得多。
Reddit,https://www.reddit.com/r/MobileLegendsGame/comments/w1mcqr/ask_me_whatever_you_want_about_hok_alpha/,"Hoping that The battlefield dosent look like a dark wasteland
Also hoping that a rivalry between HOK and ML will make ML be even better, and lower the price of skins","希望战场看起来不像一个黑暗的荒地
也希望HOK和ML之间的竞争能使ML变得更好，并降低皮肤的价格。",非负,产品对比,建议游戏对决战场优化，做工不要像荒地一样/希望俩款游戏之间竞争可以降低皮肤卖价,希望战场不像黑暗的荒地 也希望 HOOK 和 ML 的较量，让 ML 变得更好，降低皮肤的价格
Reddit,https://www.reddit.com/r/MobileLegendsGame/comments/w1mcqr/ask_me_whatever_you_want_about_hok_alpha/,Im a type of player that likes to use heroes with summoning skills like Vexana but mainly Zhask are there any heroes that have almost the same mechanics?,我是一个喜欢使用有召唤技能的英雄的玩家，比如Vexana，但主要是Zhask，有什么英雄有几乎相同的机制吗？,非负,产品对比,询问hok中是否有类似《无尽对决Mobile Legends》中Vexana，Zhask一样拥有召唤技能的英雄,我是一种喜欢使用像 Vexana 这样具有召唤技能的英雄的玩家，但主要是 Zhask 有没有几乎相同机制的英雄？
Reddit,https://www.reddit.com/r/MobileLegendsGame/comments/w1mcqr/ask_me_whatever_you_want_about_hok_alpha/,"Sounds like an amazing hero! Would love to use her someday, always wanted a spawn that actually mark a specific target and with actual good ai",听起来是个了不起的英雄! 我希望有一天能用上她，我一直希望有一个能真正标记特定目标的产卵器，并且有真正好的AI。,非负,产品对比,期待体验角色米莱迪，喜欢米莱迪的角色技能,听起来是个了不起的英雄！有一天会喜欢使用她，一直想要一个能够真正标记特定目标并具有实际良好 AI 的生成器
Twitter,https://twitter.com/HMarulkar/status/1548587892204679168,i also want it back but i havent played it yet aur jab tak mai nhi kisi game ko khelta tabtak kuch decide nhi hota world me 🌚😏btw im harsh harsh🤡,我也想让它回来，但我还没玩过，我想让它回来。,非负,资讯讨论,询问印度能够重新获得hok封闭测试体验资格,我也想要它回来，但我还没有玩过 aur jab tak mai nhi kisi 游戏 ko khelta tabtak kuch 决定 nhi hota world me 顺便说一句我很苛刻🤡
Twitter,https://twitter.com/HMarulkar/status/1548587892204679168,we really want honor of kings,我们真的想要hok,非负,期待/观望,期待体验游戏,我们真的想要国王的荣誉
Twitter,https://twitter.com/HMarulkar/status/1548587892204679168,im surprised noone created this tag/thread yet,我很惊讶还没有人创建这个标签/主题,非负,其他评论,讨论推特上尚未创建关于印度的hok主题词条,我很惊讶还没有人创建这个标签/线程
Twitter,https://twitter.com/AngeloH05997447/status/1548700957428662273,"If there is no this month, will there be an internal test next month?",如果这个月没有，下个月会不会有一个内部测试？,非负,资讯讨论,询问游戏多久开启内部测试,如果这个月没有，下个月会有内测吗？
Twitter,https://twitter.com/Yuri52762514/status/1548577024737914880,Still waiting in Taiwan,仍然在台湾等待,非负,资讯讨论,询问台湾省何时上线游戏,还在台湾等
Twitter,https://twitter.com/AngeloH05997447/status/1548700765572763650,Will there be a closed beta in Europe this month?,这个月在欧洲会有封闭测试吗？,非负,资讯讨论,询问欧洲本月是否可以参与封闭测试,本月欧洲会有内测吗？
Twitter,https://twitter.com/Zhichen50619182/status/1548011494385672192,Can you tell me when uae starts? The sooner the better,你能告诉我欧洲何时开始吗？越快越好,非负,资讯讨论,询问欧洲何时可以参与封闭测试,你能告诉我阿联酋什么时候开始吗？越早越好
Twitter,https://twitter.com/LZ34515892/statuses/1548885792139128839,@HOKLATAM 跟打人机一样 https://t.co/aksxuvblq1,@hoklatam 跟打人机一样 https://t.co/aksxuvblq1,非负,资讯讨论,讨论墨西哥安卓α测试中对局玩家实力不佳,跟打人机一样
Twitter,https://twitter.com/MariePazSnchez1/statuses/1548883157528764417,"@HOKLATAM Yo quiero jugarlo , pero solo está para México ... F",@HOKLATAM 我想玩它，但它只适用于墨西哥...... F,非负,资讯讨论,非墨西哥玩家想要体验游戏,我想玩它，但它只适用于墨西哥 F
Twitter,http://twitter.com/shandaonian3/statuses/1548531463565369345,@HOKLATAM Wann kann ich den Test in Deutschland öffnen?,@HOKLATAM 我什么时候可以在德国开始测试？,非负,资讯讨论,询问德国什么时候开放hok封闭测试,我什么时候可以在德国开始考试？
Twitter,https://twitter.com/TitikoFashion/statuses/1548387757721919488,@HOKLATAM Saben cuando podria estar disponible para los Estados Unidos?,@HOKLATAM 知道什么时候可以在美国推出吗？,非负,资讯讨论,询问美国什么时候上线hok,你知道它什么时候可以在美国上市吗？
Twitter,http://twitter.com/tarobonzi/statuses/1548708131869528066,@HOKLATAM Para iPhone cuando?,@HOKLATAM 什么时候能在iPhone上看到？,非负,资讯讨论,询问ios什么时候上线hok,对于 iPhone 什么时候？
Twitter,https://twitter.com/Y71038358/statuses/1548920577968132096,@HOKLATAM I'm here if you want to hang out,@HOKLATAM 如果你想出去玩，我就在这里。,非负,资讯讨论,期待体验游戏,如果你想出去玩，我在这里
Twitter,https://twitter.com/QWQ6666X/statuses/1548552926393540608,@HoK_Global_News 所以说，你们的官方号到底是哪一个啊！！,@HoK_Global_News 所以说，你们的官方号到底是哪一个啊！！？,非负,其他评论,询问游戏官方推特账号,所以说，你们的官方号到底是哪一个啊！！
Twitter,https://twitter.com/young_woodoo/statuses/1548418074532925443,"@HoK_Global_News Скажите, а в России будет? Мы очень ждём эту игру!! Создали уже даже свой канал в телеграмме, следим, ждём, надеемся 🙂",@HoK_Global_News 告诉我，会在俄罗斯吗？ 我们真的很期待这个游戏！！ 我们甚至在reddit中创建了自己的频道，我们关注，我们等待，我们希望🙂,非负,资讯讨论,俄罗斯玩家期待体验游戏/询问hok是否会在俄罗斯开放阿尔法测试,告诉我，会在俄罗斯吗？我们真的很期待这款游戏！我们甚至在电报中创建了自己的频道，我们关注，我们等待，我们希望🙂
Twitter,https://twitter.com/AngeloH05997447/statuses/1548700765572763650,@HoK_Global_News Will there be a closed beta in Europe this month?,@HoK_Global_News 这个月在欧洲会不会有封闭测试？,非负,资讯讨论,询问欧洲本月是否可以参与封闭测试,这个月欧洲会有封闭测试吗？
Twitter,https://twitter.com/yonghengyueye/statuses/1548762520990560256,@HoK_Global_News When is there an IOS test?,@HoK_Global_News 什么时候有IOS测试？,非负,资讯讨论,询问ios什么时候可以参与测试hok,什么时候有 IOS 测试？
Twitter,https://twitter.com/AlbertL82367882/statuses/1548537132595159041,@HoK_Global_News sun dama666,@HoK_Global_News他们是对的666,非负,资讯讨论,证实墨西哥开启α测试的消息,sun dama 
Twitter,https://twitter.com/Yuri52762514/statuses/1548577024737914880,@HoK_Global_News Still waiting in Taiwan🇹🇼,@HoK_Global_News 仍在台湾等待🇹🇼.,非负,资讯讨论,询问台湾省何时上线游戏,还在台湾等待🇹🇼
Twitter,https://twitter.com/chi_en_chen/statuses/1548340577577472000,@HoK_Global_News Let's play together,@HoK_Global_News 我们一起玩吧,非负,资讯讨论,期待体验游戏,一起玩吧
Twitter,https://twitter.com/AngeloH05997447/statuses/1548700957428662273,"@HoK_Global_News If there is no this month, will there be an internal test next month?",@HoK_Global_News 如果这个月没有，下个月会不会有内部测试？,非负,资讯讨论,询问游戏多久开启内部测试,如果这个月没有，下个月会有内测吗？
Twitter,https://twitter.com/86chinaandme/statuses/1548733190441168896,@HoK_Global_News Chinese people are so...,@HoK_Global_News 中国人太...,非负,其他评论,语意不明,中国人真
