Topic0-主题词,Topic0-权重,Topic1-主题词,Topic1-权重,Topic2-主题词,Topic2-权重,Topic3-主题词,Topic3-权重,Topic4-主题词,Topic4-权重,Topic5-主题词,Topic5-权重,Topic6-主题词,Topic6-权重,Topic7-主题词,Topic7-权重,Topic8-主题词,Topic8-权重
永远,0.009,亿元,0.010,机器人,0.014,科比,0.020,聊天,0.014,公司,0.010,发布,0.034,科比,0.107,人工智能,0.019
防守,0.008,回答,0.009,公司,0.011,人类,0.015,三年,0.011,中国,0.007,文章,0.033,人工智能,0.028,三年,0.011
生涯,0.008,同比,0.008,概念,0.008,喜欢,0.010,精神,0.007,百度,0.006,头条,0.030,对话,0.011,市场,0.010
经典,0.008,预计,0.007,关注,0.007,青春,0.009,指数,0.006,数据,0.006,比赛,0.015,篮球,0.010,资金,0.009
生成,0.006,时代,0.006,个股,0.007,世界,0.009,市场,0.006,工作,0.006,取代,0.011,湖人,0.010,历史,0.006
科比,0.006,增长,0.006,技术,0.006,真的,0.009,震荡,0.005,产品,0.005,技术,0.009,训练,0.009,中国,0.005
收藏,0.006,净利润,0.006,科技,0.006,生活,0.008,上涨,0.005,消息,0.005,模型,0.009,詹姆斯,0.008,消息,0.005
值得,0.006,业绩,0.006,传奇,0.006,致敬,0.008,大盘,0.005,公告,0.005,科比,0.007,乔丹,0.007,经济,0.004
语言,0.006,公司,0.006,用户,0.006,爆火,0.007,行情,0.005,美国,0.005,股份,0.007,三分,0.007,指数,0.004
科技,0.005,工具,0.005,智能,0.006,东西,0.007,失业,0.005,发展,0.005,分析,0.006,年月日,0.007,北向,0.004
市场,0.005,记得,0.005,板块,0.005,希望,0.006,反弹,0.004,推出,0.005,科技,0.005,涨停,0.006,厉害,0.004
分钟,0.005,技术,0.005,微软,0.005,工作,0.005,永远,0.004,相关,0.004,操作,0.004,科技,0.005,明天,0.004
建议,0.004,超越,0.004,资金,0.004,一年,0.005,时间,0.004,回答,0.004,未来,0.004,赛季,0.005,外资,0.004
板块,0.004,谈到,0.004,汉王,0.004,故事,0.005,板块,0.004,谷歌,0.004,分享,0.004,北京,0.005,持续,0.004
研究,0.004,股市,0.004,行业,0.004,年轻,0.005,晚安,0.004,离开,0.004,助攻,0.004,节目,0.005,一场,0.003
信息,0.004,地球,0.004,指数,0.004,打球,0.005,下跌,0.004,时间,0.004,网友,0.004,粉丝,0.004,交易日,0.003
赛季,0.004,发布,0.004,迎来,0.004,努力,0.005,走势,0.004,答案,0.004,真的,0.004,智能,0.004,行情,0.003
死亡,0.004,学习,0.004,市场,0.004,一生,0.004,压力,0.004,代码,0.004,机会,0.004,当年,0.004,股市,0.003
出手,0.004,公告,0.004,内容,0.004,体验,0.004,第一,0.004,科技,0.004,解析,0.004,股份,0.004,基金,0.003
股市,0.003,一种,0.004,研究,0.004,时间,0.004,去世,0.003,发布,0.004,个股,0.003,奥尼尔,0.004,春节,0.003
