标题,评分,年份,国家,主演
大明王朝1566,9.8,2007 , 中国大陆 , 陈宝国 黄志忠
西游记,9.7,1986 , 中国大陆 , 六小龄童 迟重瑞
红楼梦,9.7,1987 , 中国大陆 , 欧阳奋强 陈晓旭
毛骗 终结篇,9.7,2015 , 中国大陆 , 杨羽 邵庄
武林外传,9.6,2006 , 中国大陆 , 闫妮 姚晨
三国演义,9.6,1994 , 中国大陆 , 唐国强 鲍国安
我的团长我的团,9.6,2009 , 中国大陆 , 段奕宏 张译
走向共和,9.6,2003 , 中国大陆 , 王冰 吕中
亮剑,9.5,2005 , 中国大陆 , 李幼斌 何政军
士兵突击,9.5,2006 , 中国大陆 , 王宝强 陈思诚
毛骗 第二季,9.5,2011 , 中国大陆 , 杨羽 安宁
福贵,9.5,2005 , 中国大陆 , 陈创 刘敏涛
生存之民工,9.5,2005 , 中国大陆 , 陶泽如 丁勇岱
漫长的季节,9.4,2023 , 中国大陆 , 范伟 秦昊
后宫·甄嬛传,9.4,2011 , 中国大陆 , 孙俪 陈建斌
琅琊榜,9.4,2015 , 中国大陆 , 胡歌 刘涛
父母爱情,9.4,2014 , 中国大陆 , 郭涛 梅婷
岁月,9.4,2010 , 中国大陆 , 胡军 梅婷
潜伏,9.4,2008 , 中国大陆 , 孙红雷 姚晨
大宅门,9.4,2001 , 中国大陆 , 斯琴高娃 刘佩琦
雍正王朝,9.4,1999 , 中国大陆 , 唐国强 焦晃
我爱我家,9.4,1993 , 中国大陆 , 文兴宇 宋丹丹
地下交通站,9.4,2007 , 中国大陆 , 吴樾 鲍大志
我们的法兰西岁月,9.4,2012 , 中国大陆 , 朱亚文 钟秋
东周列国·春秋篇,9.4,1996 , 中国大陆 , 王绘春 林乃桢
无悔追踪,9.4,1995 , 中国大陆 , 王志文 刘佩琦
一年又一年,9.4,1999 , 中国大陆 , 许亚军 原华
山城棒棒军,9.4,1997 , 中国大陆 , 庞祖云 赵亮
三国演义（精编版）,9.4,1997 , 中国大陆 , 唐国强 鲍国安
老娘舅,9.4,1995 , 中国大陆 , 李九松 陈国庆
糊涂小天使,9.4,2007 , 中国大陆 , 刘晓洁 杨成
普法栏目剧,9.4,2011 , 中国大陆 , 屠化 王筱磊
疯狂的足球,9.4,2009 , 中国大陆 , 拉希姆·斯特林 米西·巴舒亚伊
丧钟为谁而鸣：远东国际军事法庭审判纪实,9.4,2004 , 中国大陆 , 张焰
觉醒年代,9.3,2021 , 中国大陆 , 于和伟 张桐
大宋提刑官,9.3,2005 , 中国大陆 , 何冰 罗海琼
闯关东,9.3,2008 , 中国大陆 , 李幼斌 萨日娜
大秦帝国之裂变,9.3,2009 , 中国大陆 , 侯勇 王志飞
大秦帝国之纵横,9.3,2013 , 中国大陆 , 富大龙 宁静
济公活佛,9.3,1990 , 中国大陆 , 游本昌 黄宗洛
大山的女儿,9.3,2022 , 中国大陆 , 杨蓉 刘奕君
济公游记,9.3,1998 , 中国大陆 , 游本昌
贞观之治,9.3,2006 , 中国大陆 , 马跃 苗圃
围城,9.3,1990 , 中国大陆 , 陈道明 英达
12·1枪杀大案,9.3,1999 , 中国大陆 , 王双宝 海浪
茶馆,9.3,2010 , 中国大陆 , 陈宝国 梁天
外乡人,9.3,2009 , 中国大陆 , 丁嘉丽 郑则仕
春花子,9.3,1996 , 中国大陆 , 宋茹惠 刘岩
孔子,9.3,1991 , 中国大陆 , 王绘春 韩福利
我爱饭米粒,9.3,2005 , 中国大陆 , 王永光 李晓嘉
幸福耙耳朵,9.3,2006 , 中国大陆 , 王曾郅 媛凤
女驸马,9.3,1987 , 中国大陆 , 韩再芬 李萍
向阳理发店,9.3,2001 , 中国大陆 , 侯勇 杨青
光明世界 第二季,9.3,1997 , 澳大利亚 波兰 中国大陆 , 瑞恩·柯万腾 王亚楠
山海情,9.2,2021 , 中国大陆 , 黄轩 张嘉益
康熙王朝,9.2,2001 , 中国大陆 , 斯琴高娃 陈道明
天道,9.2,2008 , 中国大陆 , 王志文 左小青
汉武大帝,9.2,2005 , 中国大陆 , 陈宝国 焦晃
黎明之前,9.2,2010 , 中国大陆 , 吴秀波 林永健
人间正道是沧桑,9.2,2009 , 中国大陆 , 孙红雷 黄志忠
编辑部的故事,9.2,1992 , 中国大陆 , 葛优 张瞳
围棋少年,9.2,2005 , 中国大陆 , 徐刚 沈达威
海棠依旧,9.2,2016 , 中国大陆 , 孙维民 唐国强
大染坊,9.2,2003 , 中国大陆 , 侯勇 罗钢
大风车,9.2,1995 , 中国大陆 , 鞠萍 董浩
中国刑侦1号案,9.2,2002 , 中国大陆 , 丁勇岱 余小雪
东北一家人 第2部,9.2,2003 , 中国大陆 , 李琦 吕小品
无限生机,9.2,2005 , 中国大陆 , 王茜 刘钧
百年虚云,9.2,2009 , 中国大陆 , 李起厚 尹治
官场现形记,9.2,1996 , 中国大陆 , 孙敏 牛犇
至高利益,9.2,2004 , 中国大陆 , 孙海英 何赛飞
东北一家人 第3部,9.2,2003 , 中国大陆 , 李琦 彭玉
乘龙怪婿第二季,9.2,2006 , 中国大陆 , 三毛 潘结
俞净意公遇灶神记,9.2,中国大陆 , 剧情 古装 , 賀強 秋琪
小井胡同,9.2,1996 , 中国大陆 , 王姬 陈宝国
夺子战争,9.2,1997 , 中国大陆 , 赵有亮 朱茵
抗美援朝,9.2,2000 , 中国大陆 , 丁笑宜 古月
成长别烦恼,9.2,2005 , 中国大陆 , 贝逸宁 沈荣海
卧底 第三季,9.2,2014 , 中国大陆 , 于洋 李浩修
我亲爱的祖国,9.2,1999 , 中国大陆 , 陈建斌 朱媛媛
红男绿女,9.2,2004 , 中国大陆 , 张柏鑫 袁媛
快乐编剧班,9.2,2000 , 中国大陆 , 栗峥 林惠
街坊邻居,9.2,2000 , 中国大陆 , 凌琳 周萍
东寺街西寺巷,9.2,2003 , 中国大陆 , 夏嘉伟 何雨霏
仙剑奇侠传,9.1,2005 , 中国大陆 , 胡歌 刘亦菲
战长沙,9.1,2014 , 中国大陆 , 霍建华 杨紫
家有儿女2,9.1,2005 , 中国大陆 , 宋丹丹 高亚麟
神探狄仁杰,9.1,2004 , 中国大陆 , 梁冠华 吕中
一起同过窗 第一季,9.1,2016 , 中国大陆 , 武雨泽 徐晓璐
大明宫词,9.1,2000 , 中国大陆 , 陈红 归亚蕾
西游记续集,9.1,2000 , 中国大陆 , 六小龄童 徐少华
神探狄仁杰2,9.1,2006 , 中国大陆 , 梁冠华 张子健
红色,9.1,2014 , 中国大陆 , 陶虹 张鲁一
恰同学少年,9.1,2007 , 中国大陆 , 谷智鑫 钱枫
铠甲勇士刑天,9.1,2011 , 中国大陆 , 李巍 吴昊泽
征服,9.1,2003 , 中国大陆 , 孙红雷 石兆琪
民工,9.1,2004 , 中国大陆 , 范明 潘雨辰
龙年档案,9.1,2003 , 中国大陆 , 张丰毅 潘雨辰
小戏骨：红楼梦之刘姥姥进大观园,9.1,2017 , 中国大陆 , 释小松 周漾玥
男生学院自习室 第一季,9.1,2014 , 中国大陆 , 王俊凯 王源
乘龙怪婿第一季,9.1,2005 , 中国大陆 , 张颂文 罗曼君
我是你的TFphone,9.1,2016 , 中国大陆 , 王俊凯 王源
奇妙小镇,9.1,2014 , 中国大陆 澳大利亚 , 谢宁 刘婉婷
四世同堂,9.1,1985 , 中国大陆 , 邵华 李明
狄仁杰断案传奇,9.1,1987 , 中国大陆 , 孙承政 孟耿成
中国出了个毛泽东,9.2,1993 , 中国大陆 , 古月 苏林
寻找手艺4,9.1,2022 , 中国大陆 , 张景
记忆的证明,9.1,2002 , 中国大陆 , 段奕宏 裴秀彬
雷雨,9.1,1999 , 中国大陆 , 龚丽君 杨立新
李天腾与赵小宝,9.1,2012 , 中国大陆 , 何超 张晨璐
亲亲我，老师,9.1,1990 , 中国大陆 , 苗苗 陈晨
古城童话,9.1,1999 , 中国大陆 , 苏可 张定涵
大地之子,9.1,1995 , 中国大陆 日本 , 上川隆也 仲代达矢
奇人安世敏,9.1,2000 , 中国大陆 , 吴文 周莉
百年恩来,9.1,1998 , 中国大陆 , 邓在军
历代经济变革得失,9.1,2011 , 中国大陆 , 吴晓波
假打外传,9.1,2000 , 中国大陆 , 李伯清 沈伐
乘着歌声的翅膀,9.1,2002 , 中国大陆 , 常蓝天 张润宇
沉默的真相,9.0,2020 , 中国大陆 , 廖凡 白宇
仙剑奇侠传三,9.0,2009 , 中国大陆 , 胡歌 霍建华
家有儿女,9.0,2005 , 中国大陆 , 宋丹丹 高亚麟
水浒传,9.0,1998 , 中国大陆 , 李雪健 宁晓志
功勋,9.0,2021 , 中国大陆 , 王雷 雷佳音
北平无战事,9.0,2014 , 中国大陆 , 刘烨 陈宝国
过把瘾,9.0,1994 , 中国大陆 , 王志文 江珊
暗算,9.0,2006 , 中国大陆 , 柳云龙 高明
炊事班的故事2,9.0,2004 , 中国大陆 , 洪剑涛 周小斌
爱情宝典,9.0,2002 , 中国大陆 , 乐珈彤 范冰冰
法门寺猜想,9.0,1997 , 中国大陆 , 袁立 周里京
王阳明,9.0,2012 , 中国大陆 , 陆剑民 周海媚
九九归一,9.0,2000 , 中国大陆 , 陈刚 王同辉
听见凉山,9.0,2013 , 中国大陆 , 樊韵儿 李连正
汉刘邦,9.0,1998 , 中国大陆 , 刘文治 张林
情债,9.0,1995 , 中国大陆 , 李幼斌 周丽华
西安虎家,9.0,2004 , 中国大陆 , 李琦 郭达
乘龙怪婿第三季,9.0,2007 , 中国大陆 , 张颂文 潘洁
儒林外史,9.0,1985 , 中国大陆 , 巢萍 司徒钟宝
上海沧桑,9.0,1999 , 中国大陆 , 巍子 严晓频
我本英雄,9.0,2009 , 中国大陆 , 陈逸恒 尹铸胜
一家老小向前冲,9.0,2005 , 中国大陆 , 王永光 李晓嘉
闪闪的红星,9.0,2007 , 中国大陆 , 陈星旭 冯恩鹤
中国轨道,9.0,2001 , 中国大陆 , 李雪健 高兰村
百家讲坛：诗圣杜甫,9.0,2006 , 中国大陆 , 康震
孟丽君,9.0,1995 , 中国大陆 , 韩再芬 侯长荣
越野路书 第四季,8.9,2016 , 中国大陆 , 陈震 李益斌
爬坡上坎,9.0,1997 , 中国大陆 , 赵亮 庞祖云
20世纪中国女性史,9.0,2003 , 中国大陆 , 冯雪松
百家讲坛 唐玄宗与杨贵妃,9.0,2013 , 中国大陆 , 蒙曼
雾都夜话,9.0,1994 , 中国大陆 , 马及人
咱老百姓,9.0,2001 , 中国大陆 , 吕启凤 郑坤范
办公室的故事,9.0,2009 , 中国大陆 , 张楠 张柏鑫
帕米尔医生,9.0,2001 , 中国大陆 , 张嘉益 王茜华
长大成人,9.0,2001 , 中国大陆 , 季天赋 王楠
希望不流泪,9.0,1996 , 中国大陆 , 康晓熙 叶爽
双筒望远镜,9.0,1997 , 中国大陆 , 曹驰 曹骋
"每日一题,每日一字",9.0,2011 , 中国大陆 , 田蕴章
木卡姆往事,9.0,2009 , 中国大陆 , 阿布都克里木·阿不力孜 阿孜古丽·热西提
白夜追凶,8.9,2017 , 中国大陆 , 潘粤明 王龙正
最好的我们,8.9,2016 , 中国大陆 , 刘昊然 谭松韵
马大帅,8.9,2004 , 中国大陆 , 赵本山 范伟
遇见王沥川,8.9,2016 , 中国大陆 , 高以翔 焦俊艳
一起同过窗 第二季,8.9,2017 , 中国大陆 , 武雨泽 徐晓璐
炊事班的故事,8.9,2002 , 中国大陆 , 洪剑涛 周小斌
暖春,8.9,2008 , 中国大陆 , 田成仁 齐如意
炊事班的故事3,8.9,2007 , 中国大陆 , 周小斌 毛孩
永不磨灭的番号,8.9,2011 , 中国大陆 , 黄海波 王雷
家有九凤,8.9,2005 , 中国大陆 , 李明启 张英
天地粮人,8.9,2006 , 中国大陆 , 李幼斌 张志忠
孙子兵法与三十六计,8.9,2000 , 中国大陆 , 仇永力 杨洪武
英雄,8.9,2001 , 中国大陆 , 张子健 蒋竹青
我主沉浮,8.9,2005 , 中国大陆 , 陈逸恒 吕凉
这里的黎明静悄悄,8.9,2005 , 中国大陆 , Tatyana Ostap Aleksandra Teryaeva
离婚,8.9,1999 , 中国大陆 , 葛优 傅彪
夜深人不静,8.9,1996 , 中国大陆 , 赵本山 范伟
命运的承诺,8.9,2002 , 中国大陆 , 傅彪 吴越
人虫,8.9,1998 , 中国大陆 , 刘威 李丁
高山下的花环,8.9,1984 , 中国大陆 , 周里京 朱建民
TF家族故事,8.9,2012 , 中国大陆 , 王俊凯 王源
少年特工,8.9,1992 , 中国大陆 , 杨溢 张璋
动什么，别动感情,8.9,2005 , 中国大陆 , 陶虹 张涵予
怪王外传,8.9,中国大陆 , 剧情 , 李大强
李天腾与赵小宝2,8.9,2013 , 中国大陆 , 何超 张晨璐
左宗棠,8.9,1998 , 中国大陆 , 魏启明 奚美娟
幸福家庭的烦恼 第一季,8.9,2014 , 中国大陆 , 阿布都克里木·阿不力孜 哈斯也提·库尔班
为了新生活前进,8.9,1997 , 中国大陆 , 陈佩斯 姚二嘎
牵手人生,8.9,2003 , 中国大陆 , 黄海波 丁丹妮
旗旗号巡洋舰,8.8,1987 , 中国大陆 , 李蕾 王子斌
孔乙己,8.9,1998 , 中国大陆 , 茅威涛 李丽
王先生和小陈,8.9,1997 , 中国大陆 , 严顺开 林锡彪
石榴熟了 第二季,8.9,2016 , 中国大陆 , 叨叨 白毛毛
成长别烦恼第二部,8.9,2007 , 中国大陆 , 沈荣海 杨昆
左伟与杜叶的婚姻生活,8.9,2007 , 中国大陆 , 刘蓓 吴刚
下课了，要雄起,8.9,2000 , 中国大陆 , 罗德元 陈丽娟
嘿！小海军,8.9,1995 , 中国大陆 , 杨鸣健 赵智
老坎客栈,8.9,2002 , 中国大陆 , 庞祖云 媛凤
百家讲坛：春秋五霸,8.9,2011 , 中国大陆 , 李山
生活麻辣烫,8.9,2002 , 中国大陆, 中国大陆
松柏巷里万家人,8.9,2005 , 中国大陆 , 康保民 徐春娣
芝麻开门,8.9,2002 , 中国大陆 , 林晓凡 乔乔
百家讲坛 唐宋八大家之三苏,8.9,2012 , 中国大陆 , 康震
静静的艾敏河,8.9,2000 , 中国大陆 , 娜仁花 褚栓忠
我们的眼睛,8.9,2006 , 中国大陆 , 王楠 张俊
百家讲坛 战国七雄,8.9,2012 , 中国大陆 , 李山
隐秘的角落,8.8,2020 , 中国大陆 , 秦昊 王景春
大江大河,8.8,2018 , 中国大陆 , 王凯 杨烁
大江大河2,8.8,2020 , 中国大陆 , 王凯 杨烁
贫嘴张大民的幸福生活,8.8,2000 , 中国大陆 , 梁冠华 朱媛媛
白鹿原,8.8,2017 , 中国大陆 , 张嘉益 秦海璐
风筝,8.8,2017 , 中国大陆 , 柳云龙 罗海琼
平凡的世界,8.8,2015 , 中国大陆 , 佟丽娅 袁弘
重案六组,8.8,2001 , 中国大陆 , 李诚儒 王茜
血色浪漫,8.8,2004 , 中国大陆 , 刘烨 孙俪
沉默的证人,8.8,2004 , 中国大陆 , 王志飞 林熙越
苍穹之昴,8.8,2010 , 中国大陆 日本 , 田中裕子 殷桃
成吉思汗,8.8,2004 , 中国大陆 , 巴森 萨仁高娃
百变马丁,8.8,2015 , 中国大陆 , 姚培华 游军
一地鸡毛,8.8,1995 , 中国大陆 , 陈道明 徐帆
孝子,8.8,2006 , 中国大陆 , 许亚军 咏梅
似水年华,8.8,2003 , 中国大陆 , 黄磊 刘若英
铁血征途,8.8,2013 , 中国大陆 , 林江国 王韦智
课间好时光 第一季,8.8,2007 , 中国大陆 , 刘旭 何超
家宴,8.8,2014 , 中国大陆 , 王刚 颜丙燕
非常公民,8.8,2002 , 中国大陆 , 黄子华 蒋雯丽
命案十三宗,8.8,2000 , 中国大陆 , 刘威葳 李进荣
绝对隐私,8.8,2005 , 中国大陆 , 周迅 陈坤
十七岁不哭,8.8,1997 , 中国大陆 , 郝蕾 牛萌萌
百集聊斋之人鬼情缘,8.8,2000 , 中国大陆 , 刘敏涛 刘奕君
都市笑口组,8.8,2003 , 中国大陆 , 刘云明 张鹏
犯罪升级,8.8,1999 , 中国大陆 , 伍强 梁达
说的就是你2,8.8,2015 , 中国大陆 , 宋卿 杨天琪
儿女情长,8.8,1996 , 中国大陆 , 奇梦石 王玉梅
校园先锋,8.8,1996 , 中国大陆 , 陈瑾 张毅
观世音传奇,8.8,1995 , 中国大陆 , 陶慧敏 王思思
贻笑大方,8.8,2001 , 中国大陆 , 叶京 张涵予
天真派：西游记,8.8,2019 , 中国大陆 , 葛奕德 段智文
沂蒙,8.8,2009 , 中国大陆 , 迟蓬 孟霞
居家男人,8.8,2004 , 中国大陆 , 傅彪 伍宇娟
八兄弟,8.8,2008 , 中国大陆 , 倪大红 周小斌
武松,8.8,1983 , 中国大陆 , 祝延平 王景秋
司马迁,8.8,1997 , 中国大陆 , 仇永力 王全有
陈景润,8.8,2003 , 中国大陆 , 刘己 田　玲
百家讲坛：道光与鸦片战争,8.8,2008 , 中国大陆 , 喻大华
联林珍奇,8.8,1988 , 中国大陆 , 张弓 周洁
第三军团,8.8,1993 , 中国大陆 , 吕齐 嵇波
大秦腔,8.8,1997 , 中国大陆 , 储智博 朱琳
拉萨往事,8.8,2002 , 中国大陆 , 多布杰 朗杰央宗
远东阴谋,8.8,1996 , 中国大陆 , 师小红 高兰村
逗吧逗把街,8.8,2014 , 中国大陆 , 李小嘉 杨珊珊
曹操与杨修,8.8,1990 , 中国大陆 , 尚长荣 言兴朋
百家讲坛：五百年来王阳明,8.8,2017 , 中国大陆 , 郦波
领袖,8.8,2014 , 中国大陆 , 王霙 郭广平
龙珠,8.8,1997 , 中国大陆 泰国 , 苗乙乙 黄凯
窍哥,8.8,1993 , 中国大陆 , 宁理 穆丽燕
长天烽火,8.8,1994 , 中国大陆 , 濮存昕 黄磊
同学，你好！,8.8,2001 , 中国大陆 , 林佳妮 曹苑
动力澎湃,8.8,2021 , 中国大陆 , 厉成功 王立平 丁宁
我要做好孩子,8.8,1999 , 中国大陆 , 姜春晖 李梦
百家讲坛 国史通鉴第二部：春秋战国,8.8,2014 , 中国大陆 , 方志远 于毅
魔幻巧克力,8.8,2004 , 中国大陆 , 画神闲 张芳
百家讲坛—唐宋八大家之韩愈,8.8,2010 , 中国大陆 , 康震
情陷上海滩,8.8,1997 , 中国大陆 , 王建成 刘蕾
百家讲坛 国史通鉴第一部：天下大势,8.8,2014 , 中国大陆 , 方志远
百家讲坛—唐宋八大家之欧阳修,8.8,2010 , 中国大陆 , 康震
抗联敢死队之红雪,8.8,2007 , 中国大陆 , 刘立伟 徐成峰
九斤姑娘,8.8,1986 , 中国大陆 , 张瑞春 张弓
科技馆的故事,8.8,2004 , 中国大陆 , 牛晨健 希尔扎提
男生那点事,8.8,中国大陆 , 王滔 , 李佳轩 梅岳 祝瑞 闫旷达
卧底前传之姐妹篇,8.8,2013 , 中国大陆 , 于洋 李浩修
海湾战争全程实录,8.8,2005 , 中国大陆 , 吴俊全
三体,8.7,2023 , 中国大陆 , 张鲁一 于和伟
去有风的地方,8.7,2023 , 中国大陆 , 刘亦菲 李现
毛骗 第一季,8.7,2010 , 中国大陆 , 安宁 赵宁
灵魂摆渡,8.7,2014 , 中国大陆 , 于毅 肖茵
朱元璋,8.7,2006 , 中国大陆 , 胡军 剧雪
少年天子,8.7,2003 , 中国大陆 , 邓超 潘虹
叹息桥,8.7,2020 , 中国香港 中国大陆 , 林保怡 周家怡
舞乐传奇,8.7,2013 , 中国大陆 , 秋瓷炫 林更新
超少年密码,8.7,2016 , 中国大陆 中国台湾 , 王俊凯 王源
腾空的日子,8.7,2014 , 中国大陆 , 李佳航 胡冰卿
重案六组2,8.7,2003 , 中国大陆 , 丁志城 王茜
七种武器之孔雀翎,8.7,2011 , 中国大陆 , 释小龙 穆婷婷
生死线,8.7,2009 , 中国大陆 , 廖凡 张译
星际精灵蓝多多,8.7,2011 , 中国大陆 , 高亚麟 李晴
外来媳妇本地郎,8.7,2000 , 中国大陆 , 龚锦堂 黄锦裳
插翅难逃,8.7,2002 , 中国大陆 , 赵燕国彰 于慧
老农民,8.7,2014 , 中国大陆 , 陈宝国 冯远征
追,8.7,2007 , 中国大陆 , 王新军 李强
血色湘西,8.7,2007 , 中国大陆 , 白静 卫仑
楚留香新传,8.7,2012 , 中国大陆 , 张智尧 樊少皇
一触即发,8.7,2012 , 中国大陆 , 钟汉良 李立群
年轮,8.7,1992 , 中国大陆 , 张世会 王凤斌
为了一句话,8.7,2015 , 中国大陆 , 李雪健 朱媛媛
使命,8.7,2005 , 中国大陆 , 张嘉益 刘钧
马王堆传奇,8.7,2010 , 中国大陆, 中国大陆
原乡,8.7,2014 , 中国大陆 , 张国立 陈宝国
斗龙战士2之星龙圣域,8.7,2013 , 中国大陆 , 刘红韵 李旭乔
说的就是你3,8.7,2020 , 中国大陆 , 宋卿 杨天琪
上海一家人,8.7,1991 , 中国大陆 , 李羚 何伟
千秋家国梦,8.7,1997 , 中国大陆 , 赵文瑄 黄磊
傻儿师长,8.7,1992 , 中国大陆 , 刘德一 唐玉生
三言二拍,8.7,1993 , 中国大陆 , 濮存昕 王新民
国防生,8.7,2013 , 中国大陆 , 邹廷威 林爽
动物王国窃案,8.7,1987 , 中国大陆 , 沈小谦 于鼎
水浒少年,8.7,2000 , 中国大陆 , 潘元甲 刘婷
新乱世佳人,8.7,1997 , 中国大陆 , 恬妞 杨明娜
武装特警,8.7,2004 , 中国大陆 , 杨凡 郑卫莉
美丽人生,8.7,2008 , 中国大陆 , 李雪健 吴越
9·18大案侦破纪实,8.7,1994 , 中国大陆 , 武和平 王戎
巡城御史鬼难缠,8.7,2004 , 中国大陆 , 李保田 傅艺伟
警察李“酒瓶”,8.7,2001 , 中国大陆 , 李保田 黄宗洛
百家讲坛：喻大华评说嘉庆王朝,8.7,2009 , 中国大陆 , 喻大华
迷雾,8.7,2007 , 中国大陆 , 董勇 苏岩
一级恐惧,8.7,1999 , 中国大陆 , 张晓磊 胡珂瑜
世纪人生：董竹君传奇,8.7,1999 , 中国大陆 , 李媛媛 吕凉
烽火燃情,8.7,2011 , 中国大陆 , 胡海锋 王力可
万卷楼,8.7,2009 , 中国大陆 , 郭冬临 刘敏
永远的忠诚,8.7,2011 , 中国大陆 , 张国强 陶虹
镇长,8.7,2007 , 中国大陆 , 潘粤明 陈祉希
布尔什维克兄弟,8.7,1994 , 中国大陆 , 李幼斌 傅学成
红楼梦,8.7,2002 , 中国大陆 , 钱惠丽 余彬
贾里的故事,8.7,1996 , 中国大陆 , 肖岳
东山学堂,8.7,2013 , 中国大陆 , 王子刚 宋佳玲
快乐小东西,8.7,2010 , 中国大陆 , 赵斌
爱情女侦探,8.7,1996 , 中国大陆 , 李秀冬 刘真
了凡的故事,8.7,2006 , 中国大陆 , 李解 杨明娜
三个和一个,8.7,1988 , 中国大陆 , 吴俊 陈兵
青春正点,8.7,2000 , 中国大陆 , 刘威葳 刘子枫
武生泰斗,8.7,1990 , 中国大陆 , 邢岷山 徐帆
小楼风景,8.7,1994 , 中国大陆 , 朱旭 王馥荔
翠姐姐回娘家,8.7,1996 , 中国大陆 , 吕静 陈国良
世纪之约,8.7,2002 , 中国大陆 , 周野芒 赵丽娟
警察遇到兵,8.7,2010 , 中国大陆 , 孙逊 吴健
中国人的活法 第一季,8.7,2015 , 中国大陆 , 朱之文 孔龙震
狼行拂晓,8.7,1996 , 中国大陆 , 张继波 兰振波
针眼警官,8.7,1992 , 中国大陆 , 冯远征 刘佳
一个人的一天,8.7,2013 , 中国大陆 , 张尧
七十二家房客,8.7,1978 , 中国大陆 , 杨华生 王汝刚
石榴熟了 第一季,8.7,2016 , 中国大陆 , 叨叨 阿娜尔罕
大英雄郑成功,8.7,2004 , 中国大陆 , 何家劲 约翰·加纳德
一手托两家,8.7,2004 , 中国大陆 , 陈宝国 赵妮
七十二家房客,8.7,2017 , 中国大陆 , 王汝刚 毛猛达
百家讲坛：成败论乾隆,8.7,2013 , 中国大陆 , 张宏杰
百家讲坛：永乐大帝,8.7,2010 , 中国大陆 , 商传
开心就好之男人无烦恼,8.7,2003 , 中国大陆 , 梁冠华 杨立新
我们都是好朋友,8.7,2004 , 中国大陆 , 杨云溪 牛骏峰
小小生命树,8.7,1997 , 中国大陆 , 卞涛 左翎
新疆反恐纪实,8.7,2004 , 中国大陆 , 高峰
地藏王传奇,8.7,1989 , 中国大陆 , 张鸿 徐幸
男左女右梆梆挷,8.7,2008 , 中国大陆 , 曹娜 曹婧
森林守望者,8.6,2010 , 中国大陆 , 萧玮 Green Peace
武昌首义,8.7,2006 , 中国大陆 , 李诚儒 潘琼
大学女孩,8.7,1998 , 中国大陆 , 刘晶晶 席与立
B哥的一天,8.7,2006 , 中国大陆 , 焦双喜 周雨欣
我有一个朋友,8.6,2023 , 中国大陆 , 谢兴阳 苏梦迪
古相思曲,8.6,2023 , 中国大陆 , 张雅钦 郭迦南
伪装者,8.6,2015 , 中国大陆 , 胡歌 靳东
棋魂,8.6,2020 , 中国大陆 , 胡先煦 张超
少年包青天,8.6,2000 , 中国大陆 , 周杰 释小龙
上错花轿嫁对郎,8.6,2001 , 中国大陆 , 黄奕 李琳
你好，旧时光,8.6,2017 , 中国大陆 , 李兰迪 张新成
济公,8.6,1985 , 中国大陆 , 游本昌 吕凉
破事精英 第二季,8.6,2023 , 中国大陆 , 李佳航 成果
孝庄秘史,8.6,2002 , 中国大陆 , 宁静 马景涛
水月洞天,8.6,2004 , 中国大陆 , 于波 蔡少芬
曾少年之小时候,8.6,2023 , 中国大陆 , 张籽沐 张开泰
铠甲勇士,8.6,2009 , 中国大陆 , 吴建飞 郭帅
快乐星球 第一部,8.6,2004 , 中国大陆 , 李瑞 邢凯轩
火蓝刀锋,8.6,2012 , 中国大陆 , 杨志刚 郑凯
重案六组3,8.6,2009 , 中国大陆 , 王茜 丁志城
案发现场,8.6,2004 , 中国大陆 , 王志飞 颜世魁
长征,8.6,2001 , 中国大陆 , 唐国强 刘劲
熊出没之秋日团团转,8.6,2016 , 中国大陆 , 张伟 谭笑
十月围城,8.6,2014 , 中国大陆 , 钟汉良 张晓龙
熊出没之夏日连连看,8.6,2016 , 中国大陆 , 张伟 张秉君
大盛魁,8.6,2017 , 中国大陆 , 于震 乔振宇
营盘镇警事,8.6,2012 , 中国大陆 , 张嘉益 丁海峰
聊斋,8.6,1988 , 中国大陆 , 张力 楚宏伟
历史的天空,8.6,2004 , 中国大陆 , 张丰毅 李雪健
刑警本色,8.6,1999 , 中国大陆 , 王志文 李幼斌
永不回头,8.6,2010 , 中国大陆 , 李保田 姜武
长沙保卫战,8.6,2014 , 中国大陆 , 张丰毅 郑昊
米小圈上学记,8.6,2022 , 中国大陆 , 郭赫轩 吴彦坤
都市男女,8.6,2002 , 中国大陆 , 黄芳翎 王景春
搭错车,8.6,2005 , 中国大陆 , 李雪健 李琳
誓言无声,8.6,2002 , 中国大陆 , 高明 赵峥
情有千千劫,8.6,2002 , 中国大陆 , 李幼斌 于小慧
高纬度战栗,8.6,2007 , 中国大陆 , 李雪健 王志飞
红十字方队,8.6,1997 , 中国大陆 , 罗钢 傅冲
黑白大搏斗,8.6,2001 , 中国大陆 , 丛鹏飞 李强
和你在一起,8.6,2004 , 中国大陆 , 刘佩琦 嘉央桑珠
请你原谅我,8.6,2011 , 中国大陆 , 吴秀波 海清
医者仁心,8.6,2010 , 中国大陆 , 谢君豪 尤勇智
把酒问青天,8.6,2005 , 中国大陆 , 于波 杨俊毅
长河东流,8.6,2008 , 中国大陆 , 谢震伟 李明
二马,8.6,1999 , 中国大陆 , 陈道明 梁冠华
真爱谎言,8.6,2011 , 中国大陆 , 薛凯琪 李易峰
大校的女儿,8.6,2006 , 中国大陆 , 袁立 郭晓东
狄仁杰断案传奇 第一部,8.6,1996 , 中国大陆 , 马昌钰 孙承政
天娇,8.6,2003 , 中国大陆 , 严晓频 茹萍
史料不及,8.6,2015 , 中国大陆 , 杨皓宇 郑菁长
尘世笑谈,8.6,2007 , 中国大陆 , 何冰 宋丹丹
惊天动地,8.6,2006 , 中国大陆 , 王楷勝 李易祥
钟鼓楼,8.6,1986 , 中国大陆 , 郭平 孟瑾
母亲,8.6,1998 , 中国大陆 , 岳红 王虎城
希望的田野,8.6,2003 , 中国大陆 , 程煜 沙景昌
七十七封阵亡通知书,8.6,2009 , 中国大陆 , 王学圻 侯勇
劈棺惊梦,8.6,1988 , 中国大陆 , 黄新德 马兰
铁血青春,8.6,2003 , 中国大陆 , 姜武 潘粤明
青鸟的天空,8.6,2004 , 中国大陆 , 张延 王学兵
噱占上海滩,8.6,2008 , 中国大陆 , 周立波 龚仁龙
国家命运,8.6,2012 , 中国大陆 , 刘劲 谢钢
南行记,8.6,1990 , 中国大陆 , 王志文 许晴
高中女生,8.6,2003 , 中国大陆 , 罗鸿 张珊萌
中国故事,8.6,2004 , 中国大陆 , 斯琴高娃 李雪健
生死之恋,8.6,2002 , 中国大陆 , 郭柯宇 王学兵
百家讲坛：苦命皇帝咸丰,8.6,2009 , 中国大陆 , 喻大华
我不是差等生,8.6,2004 , 中国大陆 , 唐静 袁牧男
满江红,8.6,1992 , 中国大陆 , 樊志起 魏启明
妈妈不在的夏天,8.6,1990 , 中国大陆 , 高策 陈希光
小小飞虎队,8.6,1995 , 中国大陆 , 李楠 张星辰
其实不想走,8.6,2001 , 中国大陆 , 王一楠 宋佳
威胁,8.6,2001 , 中国大陆 , 丁勇岱 刘欣
家里比较烦,8.6,2000 , 中国大陆 , 吕凉 文兴宇
五彩戏娃,8.6,2002 , 中国大陆 , 叮当 邓翔宇
满天星,8.6,2005 , 中国大陆 , 岳红 伍宇娟
病案追踪,8.6,2006 , 中国大陆 , 韩青 何晴
脚下天堂,8.6,2003 , 中国大陆 , 谭洪波 江群
我们的父亲,8.6,2005 , 中国大陆 , 刘子枫 尤勇智
百家讲坛-东汉开国,8.6,2010 , 中国大陆 , 魏新
走入欧洲,8.6,1997 , 中国大陆 , 孙淳 赵明明
百家讲坛—唐宋八大家之柳宗元,8.6,2010 , 中国大陆 , 康震
桃花扇,8.6,1991 , 中国大陆 , 侯长荣 韩再芬
粉墨宝贝,8.6,2015 , 中国大陆 中国台湾 , 儿童 戏曲
铁鹰行动,8.6,1995 , 中国大陆 , 陈剑飞 王群
一鸟九命,8.6,1993 , 中国大陆 , 李丽 张伟忠
百家讲坛：崇祯那些年,8.6,2014 , 中国大陆 , 傅小凡
闯上海,8.6,1996 , 中国大陆 , 赵亮 王志文
九班的故事,8.6,2000 , 中国大陆 , 王瑞虹
百家讲坛：汉武帝的三张面孔,8.6,2012 , 中国大陆 , 姜鹏
难忘岁月——红旗渠的故事,8.6,1998 , 中国大陆 , 王虎城 吴京安
繁城之下,8.5,2023 , 中国大陆 , 白宇帆 宁理
莲花楼,8.5,2023 , 中国大陆 , 成毅 曾舜晞
狂飙,8.5,2023 , 中国大陆 , 张译 张颂文
还珠格格,8.5,1998 , 中国台湾 中国大陆 , 苏有朋 林心如
警察荣誉,8.5,2022 , 中国大陆 , 张若昀 白鹿
山河令,8.5,2021 , 中国大陆 , 龚俊 周也
倚天屠龙记,8.5,2003 , 中国台湾 中国大陆 中国香港 , 苏有朋 贾静雯
金粉世家,8.5,2003 , 中国大陆 , 陈坤 董洁
魔幻手机,8.5,2008 , 中国大陆 , 李滨 陈创
天龙八部,8.5,2003 , 中国大陆 , 胡军 林志颖
笑傲江湖,8.5,2001 , 中国大陆 , 李亚鹏 许晴
怪侠一枝梅,8.5,2010 , 中国大陆 , 霍建华 刘诗诗
北京人在纽约,8.5,1993 , 中国大陆 , 姜文 严晓频
金婚,8.5,2007 , 中国大陆 , 张国立 蒋雯丽
黑洞,8.5,2001 , 中国大陆 , 陈道明 陶泽如
悬崖,8.5,2012 , 中国大陆 , 张嘉益 宋佳
东北一家人,8.5,2002 , 中国大陆 , 李琦 彭玉
连城诀,8.5,2004 , 中国大陆 , 吴樾 何美钿
手机,8.5,2010 , 中国大陆 , 王志文 陈道明
洪武大案,8.5,2011 , 中国大陆 , 李立群 保剑锋
空镜子,8.5,2001 , 中国大陆 , 陶虹 牛莉
血色残阳,8.5,2005 , 中国大陆 , 赵子琪 贾一平
人大主任,8.5,2002 , 中国大陆 , 鲍国安 奚美娟
知青,8.5,2012 , 中国大陆 , 唐曾 傅晶
关中匪事,8.5,2003 , 中国大陆 , 田海蓉 凌潇肃
四十九日·祭,8.5,2014 , 中国大陆 , 张嘉益 宋佳
花样江湖,8.5,2015 , 中国大陆 , 王浩 赵泳鑫
西藏秘密,8.5,2013 , 中国大陆 , 郭晓东 沈傲君
绝对权力,8.5,2002 , 中国大陆 , 唐国强 斯琴高娃
孽债,8.5,1994 , 中国大陆 , 赵有亮 严晓频
狼烟北平,8.5,2009 , 中国大陆 , 刘佩琦 舒砚
李卫辞官,8.5,2005 , 中国大陆 , 于波 秦沛
家春秋,8.5,1987 , 中国大陆 , 林达信 陈晓旭
疯丫头 第三季,8.5,2011 , 中国大陆 , 段丽阳 盛利
命运,8.5,2010 , 中国大陆 , 李雪健 高明
小小智慧树,8.5,2008 , 中国大陆 , 陈苏 耿晨晨
记忆之城,8.5,2007 , 中国大陆 , 谢君豪 童蕾
琉璃厂传奇,8.5,1998 , 中国大陆 , 张国立 冯远征
低头不见抬头见,8.5,2007 , 中国大陆 , 郭达 范明
软弱,8.5,2003 , 中国大陆 , 任程伟 王茜华
诸葛亮,8.5,1985 , 中国大陆 , 李法曾 黄家德
渴望城市,8.5,2006 , 中国大陆 , 齐丽格尔 祝宏波
战斗王EX,8.5,2007 , 中国大陆 , 田礼 吴浇浇
圣水湖畔,8.5,2005 , 中国大陆 , 高秀敏 雷恪生
海峡,8.5,2015 , 中国大陆 , 刘之冰 柳云龙
只要你过得比我好,8.5,1994 , 中国大陆 , 沈丹萍 刘威
梦开始的地方,8.5,1999 , 中国大陆 , 刘蓓 丁志城
井冈山,8.5,2007 , 中国大陆 , 王霙 潘雨辰
家有外星人2,8.5,2010 , 中国大陆 , 孙兴 王一楠
喜乐会,8.5,1996 , 中国大陆 中国香港 中国台湾 , 潘虹 刘松仁
大马帮,8.5,2004 , 中国大陆 , 章申 萧蔷
最后诊断,8.5,2006 , 中国大陆 , 陈建斌 苏可
无路可逃,8.5,2004 , 中国大陆 , 潘娟 李建斌
与百万富翁同行,8.5,1995 , 中国大陆 , 杨晓雯 符冲
百家讲坛：塞北三朝之辽,8.5,2010 , 中国大陆 , 袁腾飞
大漠高墙,8.5,2011 , 中国大陆 , 高明 朱晓渔
路客与刀客,8.5,1996 , 中国香港 中国台湾 中国大陆 , 刘德凯 吴毅将
不能失去你,8.5,2006 , 中国大陆 , 许忠全 海清
别了，李香兰,8.5,1989 , 日本 中国大陆 , 泽口靖子 山田邦子
多情剑客,8.5,1990 , 中国大陆 , 于健 安怡
