Unnamed: 0,Unnamed: 1,Unnamed: 2,评论内容,fenci,情感得分,情感类别
于2023年10月入住,独自旅行,5.0,地理位置很优越，周边吃饭很方便，离景点也很近，去五一、国金中心、解放西走路就到了，楼下就是咖啡店，环境特别漂亮。房间很干净，住得也很舒心，各种 设施一应俱全，布置得特别温譽漂亮，对女孩子来说简直是梦中情房！下次来长沙还要住家民宿！,地理位置 优越 周边 吃饭 景点 五一 国金中心 解放 走路 楼下 咖啡店 环境 特别 漂亮 房间 干净 舒心 设施 一应俱全 布置 特别 温譽 漂亮 女孩子 情房 下次 长沙 住家 民宿,0.9999997990931673,正面
于2023年10月入住,朋友出游,5.0,一家很有温度的民宿，房间特别是干净，连厕所都非常哇塞，很喜欢这种干湿分离的房型。房间设施也是非常齐全。服务很很周到，给我们搬行李，房间在三楼就一个房间，很安静，早上醒来真的很温暖！下次一定还来！,一家 温度 民宿 房间 特别 干净 厕所 哇塞 喜欢 干湿 分离 房型 房间 设施 齐全 服务 周到 行李 房间 房间 安静 早上 醒来 真的 温暖 下次,0.9950813442527129,正面
于2023年10月入住,情侣出游,5.0,装修很喜欢，设施也很好用，周边都很方便，管家服务不错，唯一的问题，就是雨果太小了，两个人施展不开，适合一个人或者两个人特种兵旅游，如果预算高换个大房间更好了。,装修 喜欢 设施 好用 周边 管家 服务 不错 唯一 雨果 太小 两个 施展 适合 两个 特种兵 旅游 预算 房间 更好,0.8532068051564083,正面
于2023年10月入住,独自旅行,5.0,太漂亮了，非常有品位的一家民宿，法式的松弛感，床品的品质也非常好，还会再来。,太漂亮 品位 一家 民宿 法式 松弛 床品 品质,0.9988239982148572,正面
于2023年10月入住,朋友出游,5.0,很美！来长沙打卡的宝子们都来这里拍照,长沙 打卡 宝子 拍照,-0.390978142565779,负面
于2023年10月入住,朋友出游,5.0,第二次入住啦……电梯及入户都很干净……楼下就是广场，交通便利…离地铁口也就几百米，晚上很多小吃。选择多多….房间布置温馨…很有家的感觉….后面两天住的麻将房，很适合朋友一起玩乐，喝个小酒….很不错的入住体验…下次来还住这里…..,第二次 入住 电梯 入户 干净 楼下 广场 交通 便利 地铁口 几百米 晚上 小吃 选择 房间 布置 温馨 感觉 两天 麻将 适合 朋友 玩乐 不错 入住 体验 下次,0.9944457388358576,正面
于2023年10月入住,独自旅行,5.0,满意满意满意满意满意满意满意满意满意满意满意满意满意满意满意满意满意满意满意满意满意满意满意满意满意满意满意满意,满意 满意 满意 满意 满意 满意 满意 满意 满意 满意 满意 满意 满意 满意 满意 满意 满意 满意 满意 满意 满意 满意 满意 满意 满意 满意 满意 满意,0.9999999991720498,正面
于2023年10月入住,情侣出游,5.0,跟照片一模一样！体验感超级好！房间真的很干净！！超级干净！,照片 一模一样 体验 超级 房间 真的 干净 超级 干净,-0.1226466202872718,负面
于2023年10月入住,家庭亲子,5.0,非常漂亮的房间(上下2层)，干净整洁，闹中取静，特别感谢房东，友善，多次沟通都十分顺畅，长沙之行完美,漂亮 房间 干净 整洁 闹中取静 特别感谢 房东 友善 沟通 顺畅 长沙 完美,0.9999949051350332,正面
于2023年10月入住,独自旅行,5.0,挺好的，离地铁挺近的，周边很繁华 屋内干净，层高安静，先是定了一晚，第二天续住了～ 投影还有视频会员，天天看剧看到凌晨哈哈哈,地铁 周边 繁华 屋内 干净 层高 安静 先是 一晚 第二天 续住 投影 视频 会员 天天 看剧 凌晨 哈哈哈,0.975465679085963,正面
于2023年10月入住,家庭亲子,5.0,带孩子一家三口，公寓位置在芙蓉广场站附近，客服人员热情，交通便利，环境卫生安全，下次过来还会继续预定,孩子 一家 三口 公寓 位置 芙蓉 广场 客服 人员 热情 交通 便利 环境卫生 下次 预定,0.1347229097704814,正面
于2023年10月入住,朋友出游,5.0,真的特别满意，卫生很好，地理位置也很好，环境大赞！让拥挤的国庆长沙之旅极其舒适,真的 特别 满意 卫生 地理位置 环境 大赞 拥挤 国庆 长沙 舒适,0.9456866903450281,正面
于2023年10月入住,朋友出游,5.0,房间挺好的 很干净 位置也比较方便 就是鞋子不太防滑,房间 干净 位置 鞋子 防滑,0.14542472498714054,正面
于2023年10月入住,商务出差,5.0,房间很不错，很干净，位置很好，晚上楼下都是夜排挡，交通方便。,房间 不错 干净 位置 晚上 楼下 是夜 排挡 交通,0.941824192748207,正面
于2023年10月入住,朋友出游,5.0,服务好，细心推送，干净舒适，交通方便,服务 细心 推送 干净 舒适 交通,0.9806031587404382,正面
于2023年10月入住,情侣出游,5.0,很舒服，投影仪效果很好,舒服 投影仪 效果,0.5158089477693568,正面
于2023年10月入住,家庭亲子,4.7,这个价格可以订到这样的民宿还是挺不错的 还是比较好找的 距离市中心很近 环境还是挺不错的 可能隔音有一点点差 但是不影响  个人觉得床有一点点硬 不过还是希望能配个幕布吧 没有幕布画面看着还是有些模糊的 总体还是很满意的,价格 民宿 挺不错 好找 距离 市中心 环境 挺不错 隔音 一点点 影响 一点点 希望 幕布 幕布 画面 看着 模糊 总体 满意,0.9999673201235204,正面
于2023年10月入住,家庭亲子,4.0,实际只有两张床与介绍不相符 押金退款不及时 电梯等待时间过长 最让人无语的是临走时我们一行人带两个行李箱排队等电梯等好久 结果打扫卫生的服务员推着推车不按秩序就挤进去了  一个推车直接占满电梯,两张床 介绍 相符 押金 退款 电梯 等待时间 过长 最让人 无语 临走时 一行 人带 两个 行李箱 排队 电梯 好久 打扫卫生 服务员 推车 秩序 挤进去 推车 电梯,-0.9999997402564795,负面
于2023年10月入住,家庭亲子,5.0,住房还是可以的，卫生搞的很干净，离五一广场也蛮近的，每天玩完都腿儿着回去哈哈哈，民宿客服小姐姐也很好，很热情，吹风机口坏了，立马表示要给我们换一个嘿嘿嘿，奈斯~,住房 卫生 干净 五一广场 玩完 回去 哈哈哈 民宿 客服 小姐姐 热情 吹风机 嘿嘿嘿 奈斯,0.994213812657079,正面
于2023年10月入住,独自旅行,5.0,位置很方便，去景点都很近，有地铁出门也方便，卫生干净，空间也宽敞，住了几天还有洗衣机方便很多，值得推荐下次还会来,位置 景点 地铁 出门 卫生 干净 空间 宽敞 几天 洗衣机 值得 推荐 下次,0.6799128579936375,正面
于2023年10月入住,家庭亲子,4.5,整体都不错但是选择的这个户型不是自己喜欢的 看了店家其他房型都非常好看呢 下次来一定换一个房型呀,整体 不错 选择 户型 喜欢 店家 房型 好看 下次 房型,0.892280651599199,正面
于2023年10月入住,朋友出游,5.0,不错的环境，挺大的，就是不太好找，而且装修比较新的感觉，屋内布局上有点空空的,不错 环境 挺大 不太好 装修 感觉 屋内 布局 空空,0.33482056913336344,正面
于2023年10月入住,家庭亲子,5.0,地理位置不错，停车也方便，卫生满意，设施和价格匹配，有其他要求也会尽量应对满足,地理位置 不错 停车 卫生 满意 设施 价格 匹配 应对,0.9740734068457824,正面
于2023年10月入住,朋友出游,5.0,服务：环境非常舒适，离景点也特别近，交通方便，下次还会再来,服务 环境 舒适 景点 特别 交通 下次,0.9255853175075726,正面
于2023年10月入住,商务出差,5.0,房间很干净，出行便利，性价比高，下次来还住,房间 干净 出行 便利 性价比 下次,0.9798426840051324,正面
于2023年10月入住,家庭亲子,5.0,离市区近，出行方便，房间满足入住需求,市区 出行 房间 入住 需求,0.4561467627072153,正面
于2023年10月入住,家庭亲子,5.0,房间很干净也挺安静的，位置挺好找的,房间 干净 安静 位置 好找,0.5670788347124889,正面
于2023年10月入住,朋友出游,5.0,价格还好，可以住下很多人,价格 还好,0.46336033804277954,正面
于2023年10月入住,情侣出游,5.0,满意..值得推荐朋友,满意 值得 推荐 朋友,0.869761532874062,正面
于2023年10月入住,朋友出游,5.0,和朋友出来玩住很不错,朋友 玩住 不错,0.808365414314832,正面
于2023年10月入住,朋友出游,5.0,体验还不错,体验 不错,0.821676127772583,正面
于2023年10月入住,朋友出游,5.0,非常满意！,满意,0.4106939704209327,正面
于2023年10月入住,朋友出游,5.0,很舒服很新,舒服,0.3895781637717126,正面
于2023年10月入住,朋友出游,5.0,服务特别好,服务 特别,0.1834869317961767,正面
于2023年10月入住,独自旅行,5.0,很不错的一家民宿，距离坡子街那边也不远，楼下有小酒吧，吃饭的店，很方便，而且还有一只猫咪白白胖胖的！好可爱！民宿还有洗衣机和烘干机，值得一住！,不错 一家 民宿 距离 坡子街 不远 楼下 酒吧 吃饭 一只 猫咪 白白胖胖 可爱 民宿 洗衣机 烘干机 值得,0.8120452527922482,正面
于2023年10月入住,其他,5.0,环境很好，很干净，安静 房间也很干净，舒适 外面的巷子适合晚上逛吃 民宿老板也很亲切贴心 来长沙玩的很开心，下次还来,环境 干净 安静 房间 干净 舒适 外面 巷子 适合 晚上 民宿 老板 亲切 贴心 长沙 开心 下次,0.993872303440938,正面
于2023年10月入住,独自旅行,5.0,卫生：干净整洁 设施：智能家居 服务：老板人特别热情，有问题咨询立马处理。总体来说体验感受很好,卫生 干净 整洁 设施 智能家居 服务 老板 特别 热情 咨询 总体 体验 感受,0.8676549593162908,正面
于2023年10月入住,情侣出游,1.0,真的坑！极差，一开始我们过去上楼的时候发现楼梯特别窄。这都不说啥，床上掀开被子有好多毛发。然后叫那个老板过来换床单，换完床单，我们发现那个洗漱台那个是堵的。然后我又打电话叫他处理那个洗漱台。他这时已经脸上有点挂不住了。然后还一直问我们明天要不要续房，说给我们优惠。都这种了！他还好意思啊~续房！然后墙面特别脏！我住的时候还是300多！妈的！真的死坑死坑。原本还有照片的，后来我手机掉了没了,真的 极差 上楼 发现 楼梯 特别 床上 掀开 被子 好多 毛发 老板 床单 床单 发现 洗漱 打电话 洗漱 脸上 挂不住 明天 续房 优惠 好意思 续房 墙面 特别 真的 原本 照片 手机 没了,-0.9999999983547747,负面
于2023年10月入住,朋友出游,5.0,体验感很好!榻榻米房间很温馨~前台小姐姐也特别好，特别耐心，是服务特别好的一家店，下次来长沙首选这家 出门逛街也很方便,体验 榻榻米 房间 温馨 前台 小姐姐 特别 特别 耐心 服务 特别 一家 下次 长沙 首选 这家 出门 逛街,0.990955708584327,正面
于2023年10月入住,商务出差,5.0,入住体验很好，前台小姐姐服务很周到,入住 体验 前台 小姐姐 服务 周到,0.8907624308379232,正面
于2023年10月入住,朋友出游,5.0,干净整洁，风格简单舒适，小红书看到很多明星来拍过照，是网红民宿了。关键是性价比很高了。太喜欢院子里的那颗树了，落地窗看向外面视觉效果拉满。,干净 整洁 风格 简单 舒适 小红书 明星 民宿 关键 性价比 喜欢 院子 落地窗 外面 视觉效果 拉满,0.999997690688893,正面
于2023年10月入住,朋友出游,5.0,非常不错的入住体验哦，图片跟房间一致，布置非常精美，绝绝子,不错 入住 体验 图片 房间 布置 精美 绝绝子,0.9502460976336495,正面
于2023年10月入住,朋友出游,5.0,很满意，位置也是非常方便，拍照很出片，爱了爱了，下次还来,满意 位置 拍照 下次,0.720943476727705,正面
于2023年10月入住,朋友出游,5.0,位置好，吃喝方便的老巷中。 简约的风格，干净，整洁。,位置 吃喝 老巷 简约 风格 干净 整洁,0.992682433621211,正面
于2023年10月入住,商务出差,5.0,房间整洁，布局很不错,房间 整洁 布局 不错,0.92409076030048,正面
于2023年10月入住,其他,5.0,雯雯的表弟每天都会微信询问是否整理房间，口气倒像是朋友，不像民宿主人。来空空也是慕名而来，白色的房子本身就让人赏心悦目，内部布置也好看，周围交通便利，旁边就是潮宗街和五一广场。办理入住，离店也很方便。,表弟 微信 询问 整理 房间 口气 倒像 朋友 民宿 主人 空空 慕名而来 白色 房子 就让 赏心悦目 内部 布置 好看 交通 便利 旁边 潮宗街 五一广场 办理 入住 离店,0.7580584491477369,正面
于2023年10月入住,朋友出游,5.0,老板主动帮我们免费升级了套房，房间内无论纸品，卫浴都是用的大品牌，非常棒，住着舒心！空气很好！下次去长沙会再来。,老板 主动 免费 升级 套房 房间内 纸品 卫浴 是用 品牌 舒心 空气 下次 长沙,0.28236436226837647,正面
于2023年10月入住,情侣出游,5.0,民宿整体风格一眼爱上，每个房间都很漂亮。周边有很多有意思的小店及布置，属于网红打卡点；离民宿不远就是“培元桥”站，出行很方便；民宿属闹中取静，晚上超级安静，可以很好的休息入睡。“雯雯的可爱表弟”全程微笑服务，态度超级好，入住前电话沟通，给发了线路图，到店帮忙提行李…,民宿 整体 风格 一眼 房间 很漂亮 周边 有意思 小店 布置 网红 打卡 民宿 不远 培元 出行 民宿 闹中取静 晚上 超级 安静 很好 休息 入睡 可爱 表弟 全程 微笑服务 态度 超级 入住 电话 沟通 给发 线路图 帮忙 行李,0.9990564588763076,正面
于2023年10月入住,家庭亲子,5.0,在潮宗古街里的一间民宿 环境不错 出行也方便,潮宗 古街 一间 民宿 环境 不错 出行,0.9932020087826596,正面
于2023年10月入住,独自旅行,4.5,总体还是挺好的，潮宗街认真逛都能断腿,总体 潮宗街 断腿,0.9613599162250339,正面
于2023年10月入住,情侣出游,5.0,很舒服的民宿有点世外桃源的感觉,舒服 民宿 世外桃源 感觉,0.975246990914475,正面
于2023年10月入住,情侣出游,4.2,环境很好，有意境,环境 意境,0.7985489901571352,正面
于2023年10月入住,朋友出游,5.0,地理位置很不错，距离五一广场几个地铁站，下楼就是湘雅医院地铁口，很方便，房间和图片一样干净卫生，很贴心有卸妆物品，很推荐大家去住，对面就是富兴时代广场吃喝都有很方便，楼下也很多小吃。民宿就在湖南博物馆附近，步行就能到。去谢子龙美术馆滴滴大概半小时就能到,地理位置 不错 距离 五一广场 几个 地铁站 下楼 湘雅医院 地铁口 房间 图片 干净 卫生 贴心 卸妆 物品 推荐 对面 富兴 时代广场 吃喝 楼下 小吃 民宿 湖南 博物馆 步行 谢子龙 美术馆 滴滴 半小时,0.9999999866207316,正面
于2023年10月入住,朋友出游,5.0,超超超棒的民宿，设计感很强，找也特别容易，车到停车场.上来就直接到了。来的这天正好也是晴天，随便拍都好看喔，大落地窗非常惬意!物品也非常齐全，房间特别干净卫生，下 次还来呀。,民宿 设计 特别 停车场 这天 正好 晴天 随便 好看 落地窗 惬意 物品 齐全 房间 特别 干净 卫生,0.9833788807034223,正面
于2023年10月入住,朋友出游,5.0,交通:楼下就是6号楼地铁口，去机场很方便，很多博主推荐的餐饮店都离的不远，打车也很好打。 入住:入住直接扫码办理，输入密码就可以了。还有免费寄存行李的地方，特别方便。 房间:风格是当下流行的，晚上开灯很有气氛，楼上左右各一间房，通风稍差些，其他都很方便，沙发特别好坐。有厨房还有麻将桌。楼上靠窗这间不要从旁边进出，容易磕到头。 服务:小姐姐好像是24小时在线一样，服务非常好，有求必应，讲的清清楚楚的，长沙是个好地方，人占第一。,交通 楼下 地铁口 机场 博主 推荐 餐饮店 不远 打车 很好 入住 入住 扫码 办理 输入 密码 免费 寄存 行李 地方 特别 房间 风格 流行 晚上 开灯 气氛 楼上 一间 通风 稍差 沙发 特别 厨房 麻将桌 楼上 靠窗 旁边 进出 服务 小姐姐 好像 小时 在线 服务 有求必应 清清楚楚 长沙 地方 第一,-0.9994215494141023,负面
于2023年10月入住,情侣出游,5.0,在问宿度过了一个美好的假期。首先，房间的干净整洁程度超出了我的预期，每个角落都一尘不染，让我感到十分舒适。湖景很漂亮，站在大大的落地窗边欣赏让人心旷神怡。出行也非常方便，周边交通便捷此外，民宿周边还有很多值得一去的景点，湖南省博物馆很好逛很好看，距离非常近，周边的美食好吃茶颜悦色名不虚传，嘿嘿，长沙有名的夜市也去了氛围感很好，小管家的在当地做的旅游吃喝玩乐推荐都非常好 总之，这家民宿的优点非常多，无论是硬件设施还是周边环境都让人感到非常满意，一趟完美的长沙之旅，强烈推荐给计划来长沙旅游的朋友们。,问宿 度过 美好 假期 房间 干净 整洁 程度 超出 预期 角落 一尘不染 感到 舒适 湖景 很漂亮 大大的 落地窗 欣赏 心旷神怡 出行 周边 交通 便捷 民宿 周边 值得 一去 景点 湖南省 博物馆 好看 距离 周边 美食 好吃 茶颜悦色 名不虚传 长沙 有名 夜市 氛围 管家 旅游 吃喝玩乐 推荐 这家 民宿 优点 无论是 硬件 设施 周边环境 感到 满意 一趟 完美 长沙 强烈推荐 计划 长沙 旅游 朋友,0.999999999998662,正面
于2023年10月入住,家庭亲子,5.0,潮宗街内，非常方便，咖啡好喝，边上有个小停车场,潮宗街 咖啡 好喝 边上 有个 停车场,0.69625633110115,正面
于2023年10月入住,其他,3.2,卫生：每个东西上都有一层灰， 设施：当天最后才跟我们说大的浴霸头坏了， 环境：环境临近各种景点挺近的，比如太平街，国金中心，坡子街，这些都在一个地方，很近，当然那样隔音效果就不用说了，给准备了耳塞，睡觉轻的就不要考虑了， 服务：还好吧，全程手机对话，无接触，可以免费寄存行李，但是去了超市寄存，,卫生 东西 一层 设施 当天 浴霸头坏 环境 环境 临近 景点 太平街 国金中心 坡子街 地方 隔音 效果 不用说 耳塞 睡觉 服务 还好 全程 手机 对话 接触 免费 寄存 行李 超市 寄存,-0.9959732813636406,负面
于2023年10月入住,朋友出游,5.0,房间位置很好，下楼就是解放西和太平街，里面很干净，洗手间空间很大，智能马桶浴缸吹风机是戴森的，床头备了眼罩和耳塞很贴心，行李寄存也很方便，老板很热心会来楼下接你帮你寄存行李,房间 位置 下楼 解放 太平街 干净 洗手间 空间 很大 智能 马桶 浴缸 吹风机 戴森 床头 眼罩 耳塞 贴心 行李 寄存 老板 热心 楼下 寄存 行李,-0.710384680685562,负面
于2023年10月入住,家庭亲子,5.0,房间干净卫生，视野很好，2房一厅还挺舒服，楼下很多好吃的，地理位置特别好啊！下次还要再来长沙玩 棒棒棒,房间 干净 卫生 视野 房一厅 挺舒服 楼下 好吃 地理位置 特别 下次 长沙 棒棒,0.9994422832670777,正面
于2023年10月入住,朋友出游,5.0,进门就是扑面而来木香，有温暖的壁炉，坐在沙发上能看到江景，细致入微的服务，满意的旅程,进门 扑面而来 木香 温暖 壁炉 坐在 沙发 上能 江景 细致入微 服务 满意 旅程,0.9906974251909242,正面
于2023年10月入住,朋友出游,5.0,这次行程最满意的一站就是这个民宿了，服务超级好，无敌城景加江景，太太太喜欢了～,行程 满意 一站 民宿 服务 超级 无敌 城景 江景 太太 喜欢,0.7924291519556801,正面
于2023年10月入住,商务出差,5.0,泡澡可以，景色可以，投影直接照上墙，再有个桌子就好了,泡澡 景色 投影 桌子,0.9307531124981481,正面
于2023年10月入住,其他,5.0,傍晚临时订的房间，没想到成为了到长沙的意外之喜。刚预定就给我电话联系告知了酒店地址询问了我几点到店，特别细致的服务，性价比超高。抽到了晨雾的房间，隔天起床阳光洒在身上真是太舒服了！,傍晚 临时 房间 没想到 了到 长沙 意外 预定 电话 告知 酒店 地址 询问 几点 特别 细致 服务 性价比 超高 抽到 晨雾 房间 隔天 起床 阳光 身上 真是太 舒服,0.9985239619066073,正面
于2023年10月入住,其他,5.0,浴缸将氛围感直接拉满从喧闹的市区逃离回房间来个浪漫的双人浴和男友一起真的太浪漫啦！房间整体奶油色的设计风格，时尚又温馨巨幕投影清晰度真的绝一订酒店就有管家电话联系，告知位置，介绍周边游玩，简直不要太细心。到楼下还有管家专程接待上楼，临走会赠送一个托特包！真的有被很用心的对待如果有机会再去长沙的话我还会选择这家酒店,浴缸 氛围 拉满 喧闹 市区 逃离 房间 浪漫 双人 男友 真的 浪漫 房间 整体 奶油色 设计 风格 时尚 温馨 巨幕 投影 清晰度 真的 绝一 酒店 管家 电话 告知 位置 介绍 周边 游玩 细心 楼下 管家 专程 接待 上楼 临走 赠送 托特 真的 用心 机会 长沙 选择 这家 酒店,0.9996440330579528,正面
于2023年10月入住,家庭亲子,5.0,民宿的小伙伴都很尽责，帮了我们好多忙，都有点不好意思。房间在高层，看到江景，楼下就是坡子街，非常方便，闹中取静。以后来长沙还会选择这里！谢谢大家！,民宿 小伙伴 尽责 好多 不好意思 房间 高层 江景 楼下 坡子街 闹中取静 长沙 选择 谢谢,0.8853457815072485,正面
于2023年10月入住,情侣出游,5.0,环境良好，空气很清新，床很软很舒适，厕所和地板卫生搞得很干净，隔音也还可以的，服务很到位，位置也很好，旁边就是商业区。,环境 空气 清新 舒适 厕所 地板 卫生 干净 隔音 服务 到位 位置 旁边 商业区,0.6544734740222375,正面
于2023年10月入住,朋友出游,5.0,非常好的民宿，设施设备齐全，能看到湘江，层高在21楼非常值得入住。接待人员特别热情，加分,民宿 设施 设备齐全 湘江 层高 值得 入住 接待 人员 特别 热情,0.9307252974261817,正面
于2023年10月入住,朋友出游,5.0,很满意送了眼罩 服务也很周到 地理位置超方便 文和友国金都在边上,满意 眼罩 服务 周到 地理位置 文和友 国金 边上,0.9982575440760995,正面
于2023年10月入住,家庭亲子,5.0,房间的卫生非常好，很干净，值得下次来再次入住，强烈推荐。,房间 卫生 干净 值得 下次 入住 强烈推荐,0.15663821874761719,正面
于2023年10月入住,朋友出游,5.0,酒店位置不错，房间设施也很齐全 服务管家很贴心提供出行攻略,酒店 位置 不错 房间 设施 齐全 服务 管家 贴心 提供 出行 攻略,0.9993101806009093,正面
于2023年10月入住,家庭亲子,5.0,设施：满意 卫生：满意 环境：满意 服务：满意,设施 满意 卫生 满意 环境 满意 服务 满意,0.8227480535462319,正面
于2023年10月入住,朋友出游,5.0,房间很不错 服务也很好 下次还会选择这里的～,房间 不错 服务 下次 选择,0.7159590427439981,正面
于2023年10月入住,家庭亲子,4.7,很适合大家庭住，楼下有吃有逛。,适合 大家庭 楼下,0.8028111292888174,正面
于2023年10月入住,情侣出游,5.0,好好好好好好,好好 好好 好好,0.2984483381876035,正面
于2023年10月入住,商务出差,5.0,体验非常棒！,体验,0.2929292929292926,正面
于2023年10月入住,家庭亲子,5.0,房间装修风格很有特色，干净整洁，处处细节透露出民宿主人的用心；故旧里洗手间很大，而且有浴霸（这点必须好评），马桶如果能改为智能马桶就完美了。榻榻米房因为有浴缸，配个抽湿机就更好了。位置闹中取静，后栋比前栋安静。从民宿到离最近的培元桥地铁站（1号线）步行约14分钟。,房间 装修 风格 特色 干净 整洁 细节 透露 民宿 主人 用心 故旧 洗手间 很大 好评 马桶 改为 智能 马桶 完美 榻榻米 浴缸 抽湿机 更好 位置 闹中取静 后栋 前栋 安静 民宿 培元 地铁站 号线 步行 分钟,0.9998218965440502,正面
于2023年10月入住,家庭亲子,5.0,房间卫生很干净.空间也大.一家三口住完全足够啦.还有个可以看街景的阳台.长沙两天时间还是比较匆忙的.还有很多好吃的没打卡呢.后来才知道他们家还有一个大露台.下次有机会一定再来.有什么需求只要给老板发个信息就好！服务挺好.,房间 卫生 干净 空间 一家 三口 足够 街景 阳台 长沙 两天 时间 匆忙 好吃 打卡 露台 下次 机会 再来 需求 老板 信息 服务,0.12703960656706492,正面
于2023年10月入住,独自旅行,5.0,环境特别好 干净舒适 房间也和图片没有差别 很喜欢床边的这个桌子 晚上开小灯写东西非常舒服 民宿的位置出门就能吃吃喝喝 房东人也很好 一开始找不到路还出来接 下次出行或者朋友去长沙一定会推荐,环境 特别 干净 舒适 房间 图片 差别 喜欢 床边 桌子 晚上 东西 舒服 民宿 位置 出门 吃吃喝喝 房东 不到 下次 出行 朋友 长沙 推荐,0.7617971802287617,正面
于2023年10月入住,朋友出游,5.0,准备长沙行时，看了一圈的酒店和民宿，最终选了烟霞里，最开始是被零差评所吸引，真正入住后终于理解了～因为真的太好住了。 民宿在潮宗街后面的北正街的巷子里，第一次不好找，可以打电话给民宿小姐姐来接，了解后就会发现这地段超级棒，所有来长沙必打卡的热门的，小众的景点都有地铁直达，最多转一次地铁（比如省博，加上转乘一共也就两站）；茶颜悦色，光脑壳饭店，鲁哥饭店，附近就有。 民宿隔壁虽然有店面但是营业晚，闭门早，特别是前栋的“里”，推荐给睡觉喜欢安静的；房间宽敞，舒适，洗护用品都是常见的牌子，电吹风小巧风力贼大；边上有不少清吧，喝得微醺，走个一两分钟就能回民宿，非常惬意。 入住后，民宿小姐姐会加你微信好友，然后把门的密码，一些注意事项，周边景点美食推荐发送给你，有什么需要都可以微信告知。因为住得太舒服，去长沙南站也方便，退了原本为了回程方便订在南站附近的酒店，又续住了一晚，还被民宿小姐姐投喂了茶颜悦色。 总之，来长沙玩要住民宿的推荐烟霞里，民宿内布置，拍照也很出片。,长沙 行时 一圈 酒店 民宿 最终 烟霞 零差 评所 吸引 入住 终于 理解 真的 民宿 潮宗街 正街 巷子 第一次 不好 打电话 民宿 小姐姐 发现 地段 超级 长沙 打卡 热门 小众 景点 地铁 直达 最多 地铁 转乘 一共 两站 茶颜悦色 脑壳 饭店 鲁哥 饭店 民宿 隔壁 店面 营业 闭门 特别 前栋 推荐 睡觉 喜欢 安静 房间 宽敞 舒适 洗护 用品 常见 牌子 电吹风 小巧 风力 边上 微醺 一两分钟 回民 惬意 入住 民宿 小姐姐 微信 好友 把门 密码 注意事项 周边 景点 美食 推荐 发送给 微信 告知 舒服 长沙 南站 原本 回程 南站 酒店 一晚 民宿 小姐姐 茶颜悦色 长沙 民宿 推荐 烟霞 民宿 布置 拍照,0.9999999216335054,正面
于2023年10月入住,朋友出游,5.0,房间和图片一致 肉眼看上去感觉比图片更好一些 房间干净 配套齐全，挺不错的，寄存行李也方便 ，老板娘是超可爱的小姐姐，会给到周边的美食和景点指南以及温馨小贴士，贴贴～,房间 图片 肉眼 感觉 图片 更好 房间 干净 配套 齐全 挺不错 寄存 行李 老板娘 可爱 小姐姐 给到 周边 美食 景点 指南 温馨 小贴士 贴贴,0.9999990924291755,正面
于2023年10月入住,独自旅行,5.0,小姐姐非常热情，房间也是我喜欢的，可以投屏，还有浴缸，很干净，晚上很安静，门口就是咖啡屋，周边美食很多，就在潮宗街，很文艺范的一条街，打卡了茶颜悦色和黑色经典臭豆腐，愉快的旅行！,小姐姐 热情 房间 喜欢 投屏 浴缸 干净 晚上 安静 门口 咖啡屋 周边 美食 潮宗街 文艺 一条街 打卡 茶颜悦色 黑色 经典 臭豆腐 愉快 旅行,0.9999262351638487,正面
于2023年10月入住,家庭亲子,5.0,房间很惊喜，干净卫生！也很大，女儿一进去就非常喜欢！住了两个阳台房 感觉都很不错！位置好 下楼就可以打车，地铁走个几分钟 老板服务也到位！住的很舒服。,房间 惊喜 干净 卫生 很大 女儿 喜欢 两个 阳台 感觉 不错 位置 下楼 打车 地铁 几分钟 老板 服务 到位 舒服,0.9991731830516963,正面
于2023年10月入住,家庭亲子,4.7,国庆后去了长沙一趟，选择了这家民宿，位置便利，去各大商圈都近，出门不远就有地铁站。装修风格深得我心，住的很惬意。老板娘也很热情，总体来说十分满意！,国庆 长沙 一趟 选择 这家 民宿 位置 便利 商圈 出门 不远 地铁站 装修 风格 深得我心 惬意 老板娘 热情 总体 十分满意,0.9999789511727719,正面
于2023年10月入住,情侣出游,5.0,小姐姐人很不错，主动联系我，还帮我拎行李，房间很干净 整体布局合理，阳台视野很赞！夜晚可以小酌一杯，看看长沙热闹的街市。下次来还会住,小姐姐 不错 主动 行李 房间 干净 整体 布局合理 阳台 视野 夜晚 小酌 一杯 长沙 热闹 街市 下次,0.9975748284564756,正面
于2023年10月入住,情侣出游,4.5,这家民宿就在巷子里，离步行老街很近，各方面都挺好。 老板人也热情,这家 民宿 巷子 步行 老街 老板 热情,0.09303738110836157,正面
于2023年10月入住,独自旅行,5.0,位置乘地铁很方便，闹中取静，推荐住,位置 地铁 闹中取静 推荐,0.9948930809851457,正面
于2023年10月入住,朋友出游,5.0,真的很喜欢，强烈推荐！,真的 喜欢 强烈推荐,0.5717351891454336,正面
于2023年10月入住,家庭亲子,4.7,宝藏民宿！特别满意的一次入住体验，住了三天，因为皮肤很敏感灰尘过敏容易起疹子所以入住前一直有点担心，反复和民宿沟通卫生问题，直到入住的当天终于放下心来，房间打扫的干净到什么程度呢，我一个强迫症患者连床头和阳台的地都用手抹了一遍，没有一点灰，卫生间没有一点异味，毫不夸张，震惊！惊喜！ 房间和图片一模一样甚至身临其境觉得更好看了！枕头和床垫都是乳胶的很舒服，用品超过很多某季那样的连锁酒店，纸巾全是洁柔，洗手间熏香是花王，洗发水是潘婷，沐浴露资生堂，连酒精都给住客备好了，特别细心而且很亲切很周到 店家小姐姐还很负责任，入住第二天晚上半夜突然有男性一直敲门把我们吓醒了，我给小姐姐发了消息之后她一醒看到就立刻帮我查监控，确认了是外卖员送错了房间才告知我，很感动 唯一的缺点是因为在潮宗街上，我们住的是前栋，半夜偶尔会有卖唱的网红音响开的特别大声一直唱到一两点，虽然房间玻璃和阳台玻璃已经很隔音了，但还是有点太吵了（这个看运气，我们只有第二天晚上才碰到这种情况 总之是很完美的，下次去长时间还会去！,宝藏 民宿 特别 满意 入住 体验 三天 皮肤 敏感 灰尘 过敏 疹子 入住 担心 反复 民宿 沟通 卫生 入住 当天 终于 放下 心来 房间 打扫 干净 程度 强迫症 患者 床头 阳台 地都 一遍 一点 卫生间 一点 异味 夸张 震惊 惊喜 房间 图片 一模一样 身临其境 更好 枕头 床垫 乳胶 舒服 用品 超过 连锁 酒店 纸巾 洁柔 洗手间 熏香 花王 洗发水 潘婷 沐浴露 资生堂 酒精 住客 备好 特别 细心 亲切 周到 店家 小姐姐 负责 入住 第二天 晚上 半夜 男性 敲门 吓醒 小姐姐 消息 一醒 监控 确认 外卖 送错 房间 告知 感动 唯一 缺点 是因为 潮宗街 前栋 半夜 卖唱 网红 音响 特别 大声 一两点 房间 玻璃 阳台 玻璃 隔音 看运气 第二天 晚上 碰到 情况 完美 下次 长时间,-0.9999999945079119,负面
于2023年10月入住,家庭亲子,5.0,自驾过来的，民宿后面就有停车场 很方便，订的房间是一楼的榻榻米，和图片一没有区别。很干净。用品都比较新。这次出行时间比较紧张，以后有机会还会再去的,自驾 民宿 停车场 房间 一楼 榻榻米 图片 区别 干净 用品 出行 时间 紧张 机会,0.36343790343700255,正面
于2023年10月入住,朋友出游,5.0,很好看的房间 和图片上是一样的设施齐全 卫生也非常好重要的是露台真的很哇塞 姐妹聚在一起就很赞 愉快的假期 开心,好看 房间 图片 设施 齐全 卫生 露台 真的 哇塞 姐妹 聚在一起 愉快 假期 开心,0.4398924611922741,正面
于2023年10月入住,独自旅行,5.0,老板娘人很好的 地理位置也不错 潮宗街就很休闲 下次还考虑住这里 床很软很舒服 还有小阳台 总之性价比很高 可以冲,老板娘 地理位置 不错 潮宗街 休闲 下次 舒服 阳台 性价比,0.9999191336269804,正面
于2023年10月入住,朋友出游,5.0,老板非常热情，民宿卫生环境很好，面积很大，周边环境很安静，就在潮宗街里面，游玩也很方便！,老板 热情 民宿 卫生 环境 面积 很大 周边环境 安静 潮宗街 游玩,0.9851808280633569,正面
于2023年10月入住,情侣出游,5.0,房间很不错，干净舒适宽敞，小阳台很棒，老板人很好，提前给我们办理的入住，很完美,房间 不错 干净 舒适 宽敞 阳台 很棒 老板 提前 办理 入住 完美,0.9911975269141751,正面
于2023年10月入住,家庭亲子,5.0,不错的民宿，离五一路很近，老板很热情，推荐的几个小饭店口感很好，值得推荐,不错 民宿 五一路 老板 热情 推荐 几个 饭店 口感 值得 推荐,0.9905660233891884,正面
于2023年10月入住,朋友出游,5.0,美女老板热情周到……服务质量没得说，房间干净整洁又舒服……大赞,美女 老板 热情周到 服务质量 没得说 房间 干净 整洁 舒服 大赞,0.9998535227440755,正面
于2023年10月入住,家庭亲子,5.0,位置离周边商圈近，所在的潮宗街文化街区也是很值得走一走。,位置 周边 商圈 潮宗街 文化 街区 值得,0.9931801428585103,正面
于2023年10月入住,情侣出游,4.0,环境卫生地理位置都挺好的、就是床有声音,环境卫生 地理位置 挺好 声音,0.7327321842685008,正面
于2023年10月入住,朋友出游,5.0,房间很好，干净明亮，去哪里都很方便。,房间 干净 明亮,0.560950957974919,正面
于2023年10月入住,朋友出游,5.0,十分满意，下次还会选择。,十分满意 下次 选择,0.6069276723262784,正面
于2023年10月入住,朋友出游,4.2,地理位置很不错，去哪里都方便，睡觉也不吵闹，旁边就是天宝兄弟，下楼就可以吃吃吃！店家很好，走时还送了茶颜悦色的茶！,地理位置 不错 睡觉 吵闹 旁边 天宝兄弟 下楼 店家 走时 茶颜悦色,0.4173952959439269,正面
于2023年10月入住,代人预订,5.0,非常满意 隔音好 安静 干净 下次来还住,满意 隔音 安静 干净 下次,0.7070490015112365,正面
于2023年10月入住,情侣出游,5.0,很不错、店家服务也很热情,不错 店家 服务 热情,0.8730622530444792,正面
于2023年10月入住,家庭亲子,5.0,房间很好看，品质也很好，宣传图与现实一样，所见即所得，小朋友非常喜欢 棒，还可以看到江景哟，而且去橘子洲，文和友，五一广场都很近，管家人也很好，我们早到了，还给我们办理了提前入住，感觉很好的旅程 棒,房间 好看 品质 宣传 现实 所见即 所得 小朋友 喜欢 江景 橘子洲 文和友 五一广场 管家人 还给 办理 提前 入住 感觉 很好 旅程,0.99982421256097,正面
于2023年10月入住,朋友出游,5.0,酒店距离地铁口很近，步行3分钟左右，旁边就是橘子洲头，节假日橘子洲头人真的太多了，在酒店江边看橘子洲观望毛主席画像也是很不错选择！老板很贴心让我们放心玩，延迟了两个半小时退房！,酒店 距离 地铁口 步行 分钟 旁边 橘子洲 节假日 橘子洲 真的 酒店 江边 橘子洲 观望 毛主席 画像 不错 选择 老板 贴心 放心 延迟 两个 半小时 退房,0.9998080383798813,正面
于2023年10月入住,独自旅行,5.0,房间干净整洁舒适，布置宽大而温馨，设备都很齐全。住房感觉很安静舒服。客服人也很好耐心解答各种问题。值得信赖,房间 干净 整洁 舒适 布置 宽大 温馨 设备 齐全 住房 感觉 安静 舒服 客服 耐心 解答 值得 信赖,0.9999887326404544,正面
于2023年10月入住,情侣出游,5.0,房型不错，可以看到江景。有个榻榻米，躺着嘎嘎香。而且还有投影仪。在里面喝着小酒看茶啊二中挺开心的,房型 不错 江景 有个 榻榻米 投影仪 二中 开心,0.8594043560578284,正面
于2023年10月入住,商务出差,5.0,房间很干净，房间内设施齐全，房主人很好，有求必应，下次出差还来她家,房间 干净 房间内 设施 齐全 主人 有求必应 下次 出差 她家,0.9840319993190145,正面
于2023年10月入住,独自旅行,5.0,位置很好，靠近江边，房间很大，装饰大气，干净整洁。,位置 靠近 江边 房间 很大 装饰 大气 干净 整洁,0.9926099045634236,正面
于2023年10月入住,情侣出游,5.0,住过好几次了，他们家装修环境超级有氛围,几次 装修 环境 超级 氛围,0.4248417714918271,正面
于2023年10月入住,其他,5.0,很好，很干净，设施齐全，风景好。,干净 设施 齐全 风景,0.9588761936122976,正面
于2023年10月入住,情侣出游,5.0,非常满意的一次住宿体验，值得推荐！,满意 住宿 体验 值得 推荐,0.848490143743434,正面
于2023年10月入住,朋友出游,5.0,店家照顾很周到！,店家 照顾 周到,0.9952294447709722,正面
于2023年10月入住,商务出差,5.0,连续入住了两晚大床房很舒服 视野宽阔极好的江景房 房间的配套设施真的都很新很齐全  外出出行的很好  位置很好 马路对面就是冬瓜山夜市 下次还会选择的星际比高    男客服服务态度👍🏻非常有耐心及时解决客户入住问题,连续 入住 两晚大 床房 舒服 视野 宽阔 极好 江景 房间 配套 设施 真的 齐全 外出 出行 很好 位置 马路 对面 冬瓜山 夜市 下次 选择 星际 比高 客服 服务态度 耐心 解决 客户 入住,0.7038011410900771,正面
于2023年10月入住,独自旅行,5.0,位置很好，可以看到夜景。对面有一条小吃街。酒店离五一广场，岳麓山书院，还有橘子洲，杜甫江阁比较近，小电驴就到了，非常方便。 房间内设计是现代简约风，设施齐全，干净没有异味。房东非常好，很有耐心，有问必答,位置 夜景 对面 一条 小吃街 酒店 五一广场 岳麓山 书院 橘子洲 杜甫 江阁 电驴 房间内 设计 简约 设施 齐全 干净 异味 房东 耐心 有问必答,0.9999907386792675,正面
于2023年10月入住,朋友出游,5.0,酒店地理位置很好，就在江边，离坡子街和海信广场也不远，很方便。 房间很舒适干净，而且房东有求必应，沟通顺畅。 最关键的还是宠物友好酒店，让带狗狗出来旅游的我们住得特别舒服！,酒店 地理位置 江边 坡子街 海信广场 不远 房间 舒适 干净 房东 有求必应 沟通 顺畅 关键 宠物 友好 酒店 狗狗 旅游 特别 舒服,0.9984823211236373,正面
于2023年10月入住,商务出差,5.0,酒店位置便捷，环境舒适，前靠湖南银行总部大厦，往后毗邻伟人母校第一师范，也是长沙欣赏烟花的好位置、眺望岳麓山、橘子洲头的好位置！,酒店 位置 便捷 环境 舒适 湖南 银行 总部 大厦 往后 毗邻 伟人 母校 第一 师范 长沙 欣赏 烟花 位置 眺望 岳麓山 橘子洲 位置,0.9999494315809769,正面
于2023年10月入住,朋友出游,5.0,房间卫生很干净，很温馨，有种家的感觉，前台服务热心周到很耐烦，就在湘江边上，一览无遗的江景令人心旷神怡。,房间 卫生 干净 温馨 有种 感觉 前台 服务 热心 周到 耐烦 湘江 边上 一览无遗 江景 令人 心旷神怡,0.9974845711673515,正面
于2023年10月入住,独自旅行,5.0,入住体验非常好，老板热情好客，位置也好，去哪里都方便，房间干净卫生，下次还来,入住 体验 老板 热情好客 位置 房间 干净 卫生 下次,0.5960816727719926,正面
于2023年10月入住,独自旅行,5.0,设施：配置齐全 卫生：干净卫生无异味 环境：临近江边，夜景很美,设施 配置 齐全 卫生 干净 卫生 异味 环境 临近 江边 夜景,0.888633861051642,正面
于2023年10月入住,商务出差,5.0,房间舒适、干净、宽敞，客服人很好，推荐入住。,房间 舒适 干净 宽敞 客服 推荐 入住,0.18983831948304286,正面
于2023年10月入住,朋友出游,5.0,房间干净舒服，服务也很好，很不错的一次体验。,房间 干净 舒服 服务 不错 体验,0.9140983627203274,正面
于2023年10月入住,朋友出游,5.0,房间很干净 设施也很齐全很新 特别棒 推荐,房间 干净 设施 齐全 特别 推荐,0.8926586016271911,正面
于2023年10月入住,家庭亲子,5.0,干净卫生，方便省事，被子很舒服,干净 卫生 省事 被子 舒服,-0.6992062286652805,负面
于2023年10月入住,其他,5.0,环境不错 干净卫生,环境 不错 干净 卫生,0.7388864221884703,正面
于2023年10月入住,朋友出游,5.0,环境非常好，卫生干净,环境 卫生 干净,0.08760923915295704,正面
于2023年10月入住,朋友出游,5.0,房间特别干净，还有智能小管家，科技感很强，小管家也很有耐心，位置很好，离坡子街等小吃街很近，骑电车十分钟左右，很推荐～,房间 特别 干净 智能 管家 科技 管家 耐心 位置 坡子街 小吃街 电车 十分钟 推荐,0.9357913156046576,正面
于2023年10月入住,情侣出游,5.0,房间很干净很舒服,房间 干净 舒服,0.44058474266559267,正面
于2023年10月入住,朋友出游,5.0,五一广场附近，交通很方便。酒店房间湘江的江景一览无余，晚上还能看到绝美的夜景和美丽的杜甫江阁。同时酒店的设施也非常全面，滚筒洗衣机、空气净化器、中央空调、冰箱等等，非常方便，房间卫生也很干净，很推荐大家预定！！,五一广场 交通 酒店 房间 湘江 江景 一览无余 晚上 美的 夜景 美丽 杜甫 江阁 酒店 设施 滚筒 洗衣机 空气 净化器 中央空调 冰箱 房间 卫生 干净 推荐 预定,0.979355435462602,正面
于2023年10月入住,朋友出游,4.7,房间宽敞，江景尽收眼底，下楼不远就可步行到江边。大厦三楼就是天宝兄弟，马路对面就是冬瓜山美食街，很方便。特別贊一下帅哥老板，服务热情周到！,房间 宽敞 江景 尽收眼底 下楼 不远 步行 江边 大厦 天宝兄弟 马路 对面 冬瓜山 美食街 特別 帅哥 老板 服务 热情周到,0.9999968975096893,正面
于2023年10月入住,情侣出游,5.0,环境挺好的，江景感觉很不错，房间很大。卫生也很干净，老板服务很好，唯一的不足就是外卖不能送上来，只能自己下去取。设施都很齐全，位置也很好找,环境 江景 感觉 不错 房间 很大 卫生 干净 老板 服务 唯一 外卖 送上来 只能 设施 齐全 位置 好找,0.9790521779530659,正面
于2023年10月入住,朋友出游,5.0,房间很干净，风景很好 能看到橘子洲。整体环境绝绝子，强烈安利 推荐！楼下还有网红餐厅天宝兄弟可以打卡，很方便,房间 干净 风景 橘子洲 整体 环境 绝绝子 安利 推荐 楼下 网红 餐厅 天宝兄弟 打卡,0.9942268421667135,正面
于2023年10月入住,情侣出游,4.7,房间展示图片是实拍，比较宽敞，投影洗衣机基本设施齐全，楼下就是大名鼎鼎的天宝兄弟 吃饭也蛮方便。整体符合预期,房间 展示 图片 实拍 宽敞 投影 洗衣机 设施 齐全 楼下 大名鼎鼎 天宝兄弟 吃饭 整体 符合 预期,0.936138829274471,正面
于2023年10月入住,家庭亲子,5.0,位置一流，湘江橘子洲头一览无余。沿江散步到几个大的和五一广场步行街，长沙的打卡景点一天就逛完了。,位置 一流 湘江 橘子洲 一览无余 沿江 散步 几个 五一广场 步行街 长沙 打卡 景点,0.9999540015452424,正面
于2023年10月入住,商务出差,5.0,房间位置好，设施齐全，卫生整洁，免费停车，十分满意！老板人很好，帮升级了房间，可以看到江景，推荐大家入住！,房间 位置 设施 齐全 卫生 整洁 免费 停车 十分满意 老板 升级 房间 江景 推荐 入住,0.9787015155167083,正面
于2023年10月入住,独自旅行,5.0,新装修的酒店，装修风格简洁大方、温馨。地理位置很好，江景超赞，出行方便，下次来长沙还住这。,新装修 酒店 装修 风格 简洁 大方 温馨 地理位置 江景 超赞 出行 下次 长沙,0.9999961455175315,正面
于2023年10月入住,独自旅行,5.0,房间很漂亮，而且也隔音，晚上入睡也快，不得不赞里面的装修非常合我口味哈哈，下次来也接着住这里。,房间 很漂亮 隔音 晚上 入睡 装修 口味 下次,0.11330944446741054,正面
于2023年10月入住,家庭亲子,5.0,特别不错，环境很不错，也很干净，房间很温馨，老板也挺热情，下次出差还住他们家。真心推荐,特别 不错 环境 不错 干净 房间 温馨 老板 热情 下次 出差 真心 推荐,0.9994342219859684,正面
于2023年10月入住,家庭亲子,5.0,房间景色超级好哦，180°全景江景，房间干净整洁，客服小哥哥温柔有耐心。宠物友好，推荐,房间 景色 超级 全景 江景 房间 干净 整洁 客服 哥哥 温柔 耐心 宠物 友好 推荐,0.9999770661559892,正面
于2023年10月入住,家庭亲子,3.0,设施：还好 卫生：还可以，但厕所有排水管的味道涌上 环境：装修还好。小孩喜欢二层。,设施 还好 卫生 厕所 排水管 味道 环境 装修 还好 小孩 喜欢 二层,-0.020704204910878987,负面
于2023年10月入住,家庭亲子,5.0,干净，安静，客服很热情，有求必应，下次过来玩还住这边，小孩子好喜欢,干净 安静 客服 热情 有求必应 下次 小孩子 喜欢,0.7647725180091329,正面
于2023年10月入住,情侣出游,5.0,挺不错的，可以夜观江景，离杜甫江阁也不远，离五一广场也不远。,挺不错 夜观 江景 杜甫 江阁 不远 五一广场 不远,0.9997999704389098,正面
于2023年10月入住,朋友出游,5.0,酒店位置优越交通便利，地铁站出门几分钟就走到了。设施齐全，房间干净整洁，住的很舒服。服务都特别好，很主动，热情。个人觉得性价比蛮高。半夜忘记密码了，给老板打电话，解决问题的速度也非常快！,酒店 位置 优越 交通 便利 地铁站 出门 几分钟 走到 设施 齐全 房间 干净 整洁 舒服 服务 特别 主动 热情 性价比 蛮高 半夜 忘记 密码 老板 打电话 解决问题 速度,0.9999870198027603,正面
于2023年10月入住,情侣出游,5.0,房间很好，很干净，环境也好，隔音效果好，非常满意。,房间 干净 环境 隔音 效果 满意,0.5211417615588536,正面
于2023年10月入住,朋友出游,5.0,房间很干净，江景看着很舒服，可以直接看到橘子洲，,房间 干净 江景 看着 舒服 橘子洲,0.9610159897808515,正面
于2023年10月入住,代人预订,5.0,环境：舒适 卫生：整洁 服务：好 设施：齐备,环境 舒适 卫生 整洁 服务 设施 齐备,0.9433524168427019,正面
于2023年10月入住,情侣出游,5.0,有停车场  就在湘江边上  能看见湘江跟橘子洲,停车场 湘江 边上 湘江 橘子洲,0.4445574412284299,正面
于2023年10月入住,商务出差,5.0,房间干净卫生，入住方便，交通位置各方面都不错,房间 干净 卫生 入住 交通 位置 不错,0.749527823823753,正面
于2023年10月入住,情侣出游,5.0,房间很宽敞舒适，下面很多好吃的 风景也不错 棒,房间 宽敞 舒适 好吃 风景 不错,0.99210276860817,正面
于2023年10月入住,家庭亲子,5.0,非常满意！正江景房很漂亮。设施也很好！推荐！,满意 江景 很漂亮 设施 推荐,0.98641702651816,正面
于2023年10月入住,独自旅行,5.0,环境特别好，前台服务热情耐心，我觉得非常值,环境 特别 前台 服务 热情 耐心,0.6299456905556895,正面
于2023年10月入住,家庭亲子,5.0,酒店环境卫生非常好，对宠物也很友好，入住快,酒店 环境卫生 宠物 友好 入住,-0.040448064184927635,负面
于2023年10月入住,家庭亲子,5.0,房间舒适透气干净，推荐带孩子的家庭,房间 舒适 透气 干净 推荐 孩子 家庭,0.9163540783045687,正面
于2023年10月入住,情侣出游,5.0,房间卫生、洁净；环境非常棒！！,房间 卫生 洁净 环境,-0.33547740913589075,负面
于2023年10月入住,情侣出游,5.0,环境优美，服务周到，价格实惠。,环境优美 服务周到 价格 实惠,0.9978835664783843,正面
于2023年10月入住,其他,5.0,非常好，环境也不错，服务到位,环境 不错 服务到位,0.9282314145281751,正面
于2023年10月入住,情侣出游,5.0,环境很好，视野宽阔，很温馨,环境 视野 宽阔 温馨,0.9960710594518172,正面
于2023年10月入住,商务出差,5.0,环境：很不错卫生：很干净,环境 不错 卫生 干净,0.738886422188471,正面
于2023年10月入住,商务出差,5.0,房间床品很舒服，服务很热情,房间 床品 舒服 服务 热情,0.4531438234982672,正面
于2023年10月入住,商务出差,5.0,房间非常干净，交通很方便！,房间 干净 交通,0.5418717847901426,正面
于2023年10月入住,情侣出游,5.0,住了两晚，还不错，挺好的,不错,0.7224264705882353,正面
于2023年10月入住,情侣出游,5.0,位置不错 开心 下次还来，嘿嘿,位置 不错 开心 下次,0.9411546450077921,正面
于2023年10月入住,朋友出游,5.0,环境优美，服务热情周到,环境优美 服务 热情周到,0.993993294687487,正面
于2023年10月入住,情侣出游,5.0,干净整洁 对宠物很友好,干净 整洁 宠物 友好,0.9608226976459375,正面
于2023年10月入住,情侣出游,5.0,卫生服务非常好，很满意,卫生 服务 满意,-0.0978614850167181,负面
于2023年10月入住,朋友出游,5.0,交通方便，出行便利。,交通 出行 便利,0.8985007010212305,正面
于2023年10月入住,其他,5.0,很满意 入住体验好,满意 入住 体验,0.3999698581028066,正面
于2023年10月入住,商务出差,5.0,空间很大，很不错。,空间 很大 不错,0.848437964984945,正面
于2023年10月入住,朋友出游,5.0,房间很大，很满意。,房间 很大 满意,0.4671599841829299,正面
于2023年10月入住,商务出差,5.0,服务态度非常好,服务态度,-0.18001822405842272,负面
于2023年10月入住,其他,4.2,满意…………,满意,0.4106939704209327,正面
于2023年10月入住,家庭亲子,5.0,挺好的名宿,名宿,-0.6127992765778334,负面
于2023年10月入住,商务出差,5.0,很不错 棒,不错,0.7224264705882353,正面
于2023年10月入住,情侣出游,5.0,晚上11点多才到 还给我们免费升级了一个房型  老板还在房间放了零食,晚上 还给 免费 升级 房型 老板 房间 零食,-0.517264477851118,负面
于2023年10月入住,其他,5.0,卫生非常好，环境也很好，比较安静！老板的服务态度是我见过最好的！有免费的零食、矿泉水也好喝，细节表明老板是个对品质有要求的人，下次还会来住！非常愉快的一次出行！,卫生 环境 安静 老板 服务态度 免费 零食 矿泉水 好喝 细节 老板 品质 下次 愉快 出行,0.7696052436870697,正面
于2023年10月入住,商务出差,5.0,房间卫生很干净,房间 卫生 干净,-0.3713221105271327,负面
于2023年10月入住,独自旅行,5.0,物超所值。,物超所值,0.9539810793755084,正面
于2023年10月入住,独自旅行,5.0,一个人单独旅游外出，偶然住进这个民宿。房间整体不错，前面庭院很大，晚上还可以去三楼的露台坐着看夜景。出行也很方便，出去就是小吃街，因有尽有。老板娘特别好，给我介绍了周边好玩的、好吃的。下次有机会再来！,单独 旅游 外出 偶然 民宿 房间 整体 不错 庭院 很大 晚上 露台 夜景 出行 小吃街 因有 尽有 老板娘 特别 介绍 周边 好玩 好吃 下次 机会,0.9999989206049409,正面
于2023年10月入住,朋友出游,5.0,小院子真的大，里面环境很好，桔子熟了，还不错，挺甜的，我住的二楼，房间精致，空气好，安静，超干净，布草质量真的好，好舒服，一般酒店这种品质布草至少单间上了500以上了，这里性价比高 还带个露台，惊喜的发现，鸟妈妈在树上带鸟宝宝，这个必须发 除了进来需走一段小巷，其他的真的非常不错，强烈推荐给大家,院子 真的 环境 桔子 不错 二楼 房间 精致 空气 安静 干净 布草 质量 真的 舒服 酒店 品质 布草 至少 单间 性价比 露台 惊喜 发现 妈妈 树上 宝宝 需走 一段 小巷 真的 不错 强烈推荐,0.9999997571850161,正面
于2023年10月入住,独自旅行,5.0,超赞房东！心情不美丽独游岳麓山，网上搜了一家开业不久的民宿，一进院子，简直太治愈我了，院子超大，房间也很干净，顿时烦恼消了一大半，露台上还看到了一只鸟妈妈在掉完的树枝上带鸟宝宝，还有只会讲话的鹦鹉，老板娘热心的帮我开导，耐心倾听我的烦恼，结果哪里都没去，就游了个民宿，明天又是活力满满一天，给自己加油，再次谢谢热情老板娘，还会再来哦！,超赞 房东 心情 美丽 独游 岳麓山 网上 一家 开业 民宿 院子 治愈 院子 超大 房间 干净 烦恼 一大半 露台 一只 妈妈 掉完 树枝 宝宝 讲话 鹦鹉 老板娘 热心 开导 耐心 倾听 烦恼 没去 民宿 明天 活力 满满 加油 谢谢 热情 老板娘,0.9999999999606644,正面
于2023年10月入住,朋友出游,5.0,这家民宿非常奈斯，小院很大，顶楼还可赏夜景，房间温馨舒适，大大的窗户采光非常好，房间非常干净，物品摆放整齐有序，给人一股清新自然，住着也很宽敞舒适，远离城市喧闹，出巷口又非常繁华，小吃巨多，十个肚子都不够，还有外卖贼快，让人心情愉快一！,这家 民宿 奈斯 小院 很大 顶楼 可赏 夜景 房间 温馨 舒适 大大的 窗户 采光 房间 干净 物品 摆放 整齐有序 一股 清新自然 宽敞 舒适 远离 城市 喧闹 巷口 繁华 小吃 巨多 十个 肚子 外卖 心情愉快,0.9999978757299017,正面
于2023年10月入住,朋友出游,5.0,国庆后错峰游岳麓山，想着酒店不紧张，加上自己卫生环境要求比较高，网上我也看了还是想来个现场定，真没另我失望，推开铁门户外空间真大，又非常安静，我告诉老板娘我怕冷，老板娘很热情马上就把热水调高了，水压也很大，美美的洗了澡，房间里面非常干净，布草很好，超级舒服，简约，高级，是我喜欢的风格，谢谢老板娘，提前预定好计划重阳节带父母来爬爬岳麓山！,国庆 错峰 岳麓山 想着 酒店 紧张 卫生 环境 网上 想来 现场 真没 失望 推开 铁门 户外 空间 安静 告诉 老板娘 怕冷 老板娘 热情 热水 调高 水压 很大 美美 房间 干净 布草 超级 舒服 简约 高级 喜欢 风格 谢谢 老板娘 提前 预定 计划 重阳节 父母 岳麓山,0.8986448810004375,正面
于2023年10月入住,独自旅行,5.0,一进院子就被吸引住了，超大院子还养了金鱼，少有的静谧，空气很好，房间非常干净，热水水压很大，稍微多走几步太值了，外卖超级快，门口看到茶颜悦色排长队，网上下了一单，十分钟不到就到了，重点是老板娘超级好，很热情又有耐心，随叫随到，对于房东我想说：好！很好，非常好！,院子 吸引住 超大 院子 还养 金鱼 少有 静谧 空气 房间 干净 热水 水压 很大 稍微 几步 太值 外卖 超级 门口 茶颜悦色 排长队 网上 一单 十分钟 不到 重点 老板娘 超级 热情 耐心 随叫随到 房东,0.9999948411550215,正面
于2023年10月入住,家庭亲子,5.0,去岳麓山非常方便步行十分钟即可到达南门，爱晚亭，岳麓书院就在门口，溜达就到了，主要是老板娘人非常奈斯！出来接送，周边介绍，房间干净，舒适，晚上特别安静，马桶是加热的哦！整体高级简约，门大学城吃什么喝什么非常快乐！,岳麓山 步行 十分钟 即可 到达 南门 爱晚亭 岳麓书院 门口 溜达 老板娘 奈斯 接送 周边 介绍 房间 干净 舒适 晚上 特别 安静 马桶 加热 整体 高级 简约 大学城 快乐,0.9999090626945009,正面
于2023年10月入住,家庭亲子,5.0,民宿位于大学城，去岳麓山、岳麓书院、博物馆和橘子洲头都很方便。一整条街都是各种长沙特色小吃，价格亲民，点外卖十五分钟就送来了，速度超快。老板很亲切很热情，床很舒服，智能马桶深得我心，可以带宠物，有麻将房，还有露台可以看夜景。是这一片最有调调的民宿了。,民宿 位于 大学城 岳麓山 岳麓书院 博物馆 橘子洲 整条 长沙 特色小吃 价格 亲民 外卖 十五分钟 送来 速度 超快 老板 亲切 热情 舒服 智能 马桶 深得我心 宠物 麻将 露台 夜景 调调 民宿,0.9999982680444421,正面
于2023年10月入住,朋友出游,5.0,超赞房东 晚上20: 00多才到店，房东亲自来接，超级热情，民宿环境非常优美，在岳麓山半山腰上，非常安静，院子超大，周围有花园和鱼池，让人心旷神怡。房间设施齐全，今天变冷了，热水水压大，房间非常干净整洁，让人舒适放松，美美的睡了一觉，下次还会光顾,超赞 房东 晚上 房东 超级 热情 民宿 环境 优美 岳麓山 半山腰 安静 院子 超大 花园 鱼池 心旷神怡 房间 设施 齐全 变冷 热水 水压 房间 干净 整洁 舒适 放松 美美 一觉 下次 光顾,0.9999999937498569,正面
于2023年10月入住,情侣出游,5.0,第一印象是很亲近大自然，环境优美，空气好，小院打得很整洁，房间内层高高，非常干净，布草品质好，整个晚上都很安静，热水水压大，整个入住体验非常舒服，值得推荐,第一印象 亲近 大自然 环境优美 空气 小院 整洁 房间 内层 高高 干净 布草 品质 晚上 安静 热水 水压 入住 体验 舒服 值得 推荐,0.9999647540720613,正面
于2023年10月入住,商务出差,5.0,民宿位置很好，背靠着岳麓山，又离主要景点和大学城美食近。房间和图片一致（个人感觉实地更好看.）干净舒适，床铺非常舒适。设施很好，民宿主超级热情能满足你一切合理要求（借电动车出门了一趟，房间需要用电脑又帮我配置了舒适椅子晚上办公）这是一家非常不错的民宿，强烈推荐！”,民宿 位置 背靠 岳麓山 景点 大学城 美食 房间 图片 个人感觉 实地 更好 干净 舒适 床铺 舒适 设施 宿主 超级 热情 合理要求 电动车 出门 一趟 房间 电脑 配置 舒适 椅子 晚上 办公 一家 不错 民宿 强烈推荐,0.9999806554136617,正面
于2023年10月入住,朋友出游,5.0,房东超赞，非常热情，到处借充电器给我电动车充电，环境非常好，背靠岳麓山，空气清新，很安静，房间非常干净，一尘不染，干净整洁，卫生5分都不够，智能马桶我的最爱❤，爱好追求自然，放松身心好地方，强烈推荐,房东 超赞 热情 充电器 电动车 充电 环境 背靠 岳麓山 空气清新 安静 房间 干净 一尘不染 干净 整洁 卫生 分都 智能 马桶 最爱 爱好 追求 自然 放松 身心 地方 强烈推荐,0.9999976979610252,正面
于2023年10月入住,朋友出游,5.0,卫生非常干净，房东本地人超好，就是一长沙百事通，长沙本地的吃，喝玩，乐，我玩了够，太开心了，晚上非常安静，风景好，亲自来接的我，真的舍不得走了,卫生 干净 房东 本地人 超好 长沙 百事通 长沙 开心 晚上 安静 风景 来接 真的 舍不得,0.7372416039605407,正面
于2023年10月入住,商务出差,5.0,一个舒适幽静的小别墅，适合很相爱的两个人，或者心情低落的人来这里，让人心情放松，周边的小吃也多到爆，期待下次再来 棒,舒适 幽静 小别墅 适合 相爱 两个 心情 低落 心情 放松 周边 小吃 期待 下次,0.9998075053259778,正面
于2023年10月入住,家庭亲子,5.0,全家出游，有老人和小孩，老板给升级了房型，还推荐地道湘菜，很棒，改变对传统湘菜的看法，智能马桶用着舒适，屋前屋后的桂花树沁人心脾,全家 出游 老人 小孩 老板 升级 房型 推荐 地道 湘菜 很棒 改变 传统 湘菜 看法 智能 马桶 舒适 屋前 屋后 桂花树 沁人心脾,0.9966683340962046,正面
于2023年10月入住,独自旅行,5.0,老板超赞 房间干净整洁  环境安静舒服  住着有家一样的惑觉   背靠岳麓山 风景超级美丽,老板 超赞 房间 干净 整洁 环境 安静 舒服 有家 背靠 岳麓山 风景 超级 美丽,0.9997737182625699,正面
于2023年10月入住,家庭亲子,4.2,房间很干净，设施齐全，就是房间有点小。有个小阳台，看看书，聊聊天还是很惬意。老板很热情，老板接我们进来，地方有点难找。,房间 干净 设施 齐全 房间 有个 阳台 看看书 聊聊天 惬意 老板 热情 老板 地方,0.9651062678488056,正面
于2023年10月入住,独自旅行,5.0,老板服务热情，态度特别好，小院布局合理，小环境不错，楼顶凉台视野开阔，房间卫生好，设施特别新，体验感好，值得入住。,老板 服务 热情 态度 特别 小院 布局合理 环境 不错 楼顶 凉台 视野 开阔 房间 卫生 设施 特别 体验 感好 值得 入住,0.9978730984839843,正面
于2023年10月入住,朋友出游,5.0,很干净，老板很热情。 是一个闹中取静的好地方，离麓山景点很近，附近好吃的也很多。 住的很舒适，环境也很好～,干净 老板 热情 闹中取静 地方 离麓 景点 好吃 舒适 环境,0.9974756581483979,正面
于2023年10月入住,家庭亲子,5.0,环境优美，位置稍偏一点，老板服务态度很好,环境优美 位置 稍偏 一点 老板 服务态度,0.45212776672666144,正面
于2023年10月入住,商务出差,5.0,房东很热情，设施很新，卫生也好,房东 热情 设施 卫生,-0.10327660868216504,负面
于2023年10月入住,家庭亲子,4.0,房间略有些小，老板人还是不错的,房间 略有 些小 老板 不错,0.709306396235831,正面
于2023年10月入住,朋友出游,5.0,房间干净整洁，环境优美,房间 干净 整洁 环境优美,0.9640804737674897,正面
于2023年10月入住,情侣出游,5.0,卫生，店家人不错,卫生 店家 不错,0.34174313359271924,正面
于2023年10月入住,家庭亲子,5.0,一个闹中取静的好地方,闹中取静 地方,0.9548996881929372,正面
于2023年10月入住,家庭亲子,5.0,订了敬野舍民宿，工作日去的，店长小姐姐担心晚上马路上车子的声音吵，免费帮我们升级了楼下的私汤房间，屋子干净，庭院大而漂亮，后面的花园也很大，比较适合搞团建派队活动，洗澡水也很大很热，服务态度非常好，周边也有吃饭的地方，去景点叫车也很方便，还赠送好喝的下午茶水果点心,敬野舍 民宿 工作日 店长 小姐姐 担心 晚上 马路上 车子 声音 免费 升级 楼下 私汤 房间 屋子 干净 庭院 漂亮 花园 很大 适合 团建 活动 洗澡水 很大 服务态度 周边 吃饭 地方 景点 赠送 好喝 下午茶 水果 点心,0.9844382699096736,正面
于2023年10月入住,情侣出游,5.0,冬天来了想找个好的地方泡泡温泉，在网上找了很久找到了他们家，我们订的是二楼的山景房，房间不算大但是很温馨、卫生干净整洁，还有个全景阳台可以喝喝茶挺惬意的，我们额外订了一个户外森林私汤，这个一定要好好说下，私汤是在户外但是也是私密的，是一客一订，订好会安排专人搞卫生消毒，完全不用担心有人打扰和不干净问题，拍照也好看，以后在长沙就可以泡上私汤了，冬天想找个地方泡泡的强烈推荐,冬天 地方 泡泡 温泉 网上 很久 找到 二楼 山景 房间 不算 温馨 卫生 干净 整洁 全景 阳台 喝茶 惬意 额外 户外 森林 私汤 好好 户外 私密 订好 安排 专人 卫生 消毒 不用 担心 有人 打扰 干净 拍照 好看 长沙 泡上 私汤 冬天 地方 泡泡 强烈推荐,0.9999930637992285,正面
于2023年10月入住,家庭亲子,5.0,民宿环境很好，小院被打理的井井有条，看得出主理人费了很多心思，房间设施设备完善，我是小孩在附近上学，有留意到这家民宿，前院精致，后院宽敞，中国风的咖啡厅有点意思，小孩也是非常喜欢这里，下午茶味道也挺好，点赞,民宿 环境 小院 打理 井井有条 看得出 主理 心思 房间 设施 设备 完善 小孩 上学 留意到 这家 民宿 前院 精致 后院 宽敞 中国 咖啡厅 小孩 喜欢 下午茶 味道,0.9998722986560593,正面
于2023年10月入住,情侣出游,5.0,在小红书刷到开始喜欢这家民宿。终于有时间来体验一下啦，里面设施也都很齐全，晚上和朋友在民宿里看了会电影，还可以唱歌，打麻将。吃饭也很方便，晚餐烤肉可以预订，也可以去附近的湘菜馆吃，全是当地的农家菜。,红书 刷到 喜欢 这家 民宿 终于 时间 体验 设施 齐全 晚上 朋友 民宿 电影 唱歌 打麻将 吃饭 晚餐 烤肉 预订 湘菜馆 农家菜,0.886394640291311,正面
于2023年10月入住,朋友出游,5.0,无意间小红书看到的民宿，虽然价格有点小贵，但不会让你失望。交通：周末带孩子周边游，开车大概就1个半小时，民宿在路边，很好找。服务：工作人员非常热情，在去之前就提前联系了，有任何问题都可以直接找店长沟通。设施：房间里面和外面都有私汤这个很棒，还有泳池，人也不多，小朋友玩的很开心。食：晚饭提前一天晚上团了烤肉，到点他们就准备好了，味道非常不错。真的很贴心，离店后他们还会发消息问是否安全到家。,无意间 小红书 民宿 价格 小贵 失望 交通 周末 孩子 周边游 开车 半小时 民宿 路边 好找 服务 工作人员 热情 提前 店长 沟通 设施 房间 外面 很棒 泳池 小朋友 开心 晚饭 提前 晚上 烤肉 味道 不错 真的 贴心 离店 发消息,0.9995914068850404,正面
于2023年10月入住,朋友出游,5.0,民宿地理位置优越，装修用心，拍照效果不错，依山而建，楼下就有游泳池，小朋友在房间泡澡。有入住水果、还帮忙拿行礼。晚上在民宿订了餐，份量很足，一家三口点的有些多了。晚上有露天电影，在灯光的照射下，很有氛围感。不论是亲子还是情侣，都会喜欢的。临睡前入住管家还安排了银耳莲子，小朋友很喜欢。秋季入住建议晚上关空调。,民宿 地理位置 优越 装修 用心 拍照 效果 不错 依山 楼下 游泳池 小朋友 房间 泡澡 入住 水果 帮忙 行礼 晚上 民宿 份量 很足 一家 三口 晚上 露天电影 灯光 照射 氛围 不论是 亲子 情侣 喜欢 临睡前 入住 管家 安排 银耳 莲子 小朋友 喜欢 秋季 入住 建议 晚上 空调,0.9999998189303225,正面
于2023年10月入住,家庭亲子,5.0,这个地方特别适合来度假，在大城市里工作压抑了，来这个乡下村里头转一转特别舒服，国庆后人特别少，而且住在一楼的视野特别好，躺在泳池边，人心情都很好了。前台小姐姐也能给到及时反馈，下单后会给电话，抵达当天也会给电话提示，非常好 哈哈哈哈哈哈,地方 特别 适合 度假 大城市 工作 压抑 乡下 村里 特别 舒服 国庆 后人 特别 一楼 视野 特别 泳池 心情 前台 小姐姐 给到 反馈 下单 后会 电话 抵达 当天 电话 提示 哈哈哈 哈哈哈,0.9375438960062372,正面
于2023年10月入住,家庭亲子,5.0,设施：窗帘灯光都是自动的，现代化的设备，小清新的环境。 卫生：干干净净清清澈澈。 环境：很有情调，花花草草都特别美，后山别有洞天。 服务：小姐姐漂亮年轻又周到，还带着小朋友玩手工，关键是，下午茶和早餐都超级丰富美味。,设施 窗帘 灯光 自动 现代化 设备 清新 环境 卫生 干干净净 清澈 环境 情调 花花草草 特别 后山 别有洞天 服务 小姐姐 漂亮 年轻 周到 小朋友 手工 关键 下午茶 早餐 超级 美味,0.9999999919041609,正面
于2023年10月入住,情侣出游,5.0,朋友推荐的民宿，环境不错绿荫绿荫葱葱，进门院子里就是泳池，还有个阳光玻璃房在那里沐浴着阳光喝着下午茶可以呆一下午，可惜我去的那天没出太阳，店里小管家以及店长服务超好的，会时刻关注我们的需求还赠送了下午茶和小零食，我很喜欢和她们聊天,朋友 推荐 民宿 环境 不错 绿荫 绿荫 葱葱 进门 院子 泳池 阳光 玻璃房 沐浴 阳光 下午茶 下午 可惜 那天 太阳 店里 管家 店长 服务 超好 时刻 关注 需求 赠送 下午茶 零食 喜欢 聊天,0.9986749806597168,正面
于2023年10月入住,朋友出游,5.0,非常满意这次的住宿经历！房内的设备齐全，很温馨位置优越整条路看下来在外面看起来就这家最棒！设计感杠杠的。躺在庭院泳池边，好惬意，舒服，晚上灯光美极了！,满意 住宿 经历 房内 设备齐全 温馨 位置 优越 整条路 外面 这家 设计 杠杠 庭院 泳池 惬意 舒服 晚上 灯光 美极了,0.9999798904061514,正面
于2023年10月入住,独自旅行,5.0,服务态度超好，前台很贴切，店长还帮忙免费升级了房型还赠送了小零食，后院很大，夜晚真的有身处大自然的感受，超爱这家野奢民店，下次还来这,服务态度 超好 前台 贴切 店长 帮忙 免费 升级 房型 赠送 零食 后院 很大 夜晚 真的 身处 大自然 感受 超爱 这家 奢民店 下次,0.913780496927713,正面
于2023年10月入住,朋友出游,5.0,环境优美，管家服务很好，住的有私汤的，泡澡很舒服，有下午茶，坐在泳池边上和朋友品茶聊天真的很不错，晚上夜景灯光也很不错，下次还会来入住,环境优美 管家 服务 泡澡 舒服 下午茶 坐在 泳池 边上 朋友 品茶 聊天 真的 不错 晚上 夜景 灯光 不错 下次 入住,0.9999658647539742,正面
于2023年10月入住,朋友出游,5.0,整体来说蛮不错的，位置离岳麓山很近，附近还有梅溪湖，室内有大幕布的投影仪和私泡，山上有可以打坐发呆的地方，早餐味道不错,整体 不错 位置 岳麓山 溪湖 室内 有大 幕布 投影仪 私泡 山上 打坐 发呆 地方 早餐 味道 不错,0.9992136433235566,正面
于2023年10月入住,情侣出游,5.0,有次公司团建来过她们家，当时看了房间和环境就特别喜欢，民宿加餐厅一起有两栋楼，还有前院后院，整体还是非常大的，拍照打卡点很多根本拍不完，我们平时喜欢拍照只是不是专业的，后来和她们聊天知道了她们有专业拍照的小管家下次来可以享受一下，不得不说她们的每一位服务是真的赞，细心、细致、周到，点赞。,有次 公司 团建 房间 环境 特别 喜欢 民宿 餐厅 两栋 前院 后院 整体 拍照 打卡 平时 喜欢 拍照 专业 聊天 专业 拍照 管家 下次 享受 一位 服务 真的 细心 细致 周到,0.9996868216654708,正面
于2023年10月入住,朋友出游,5.0,服务很好，小姐姐们很好，也会主动给我们送甜点。早餐很好吃。唯一遗憾是我们到的时候刚好降温游不了泳,服务 小姐姐 主动 甜点 早餐 好吃 唯一 遗憾 降温,0.7245901399742143,正面
于2023年10月入住,家庭亲子,5.0,1、民宿位置好找就在新修的含浦大道旁边，周边是民宿村有很多民宿和餐饮馆，出门、停车都挺方便的 2、民宿服务也是很棒的，从订房就会有店长联系，到店会有管家接待并赠送很多东西，还有洗衣服务只要拿给她们并告诉她们就行了 3、民宿环境也是相当不错的，除了住宿还可以团建，开会，吃饭，总之是一应俱全,民宿 位置 好找 新修 大道 旁边 周边 民宿 民宿 餐饮 出门 停车 民宿 服务 很棒 订房 店长 管家 接待 赠送 东西 洗衣 服务 拿给 告诉 就行了 民宿 环境 不错 住宿 团建 开会 吃饭 一应俱全,0.9676913020690237,正面
于2023年10月入住,独自旅行,5.0,民宿环境特别好，工作人员都特别热情，私汤很舒服，设施齐全，住着挺舒服的,民宿 环境 特别 工作人员 特别 热情 舒服 设施 齐全 挺舒服,0.9970898020287524,正面
于2023年10月入住,情侣出游,5.0,房间很干净，早餐也很好吃 ，环境很好,房间 干净 早餐 好吃 环境,0.3928158990558499,正面
于2023年10月入住,家庭亲子,3.7,整体环境还可以，比较小清新，但民宿前庭和后院面积都不是很大，私汤池也有点小，没什么小朋友可游玩的地方，户外的木质桌椅多少有点霉斑，房间里有些灯不亮，电动窗帘拉上就打不开了，感觉性价比一般般，亲子游不是很合适~,整体 环境 清新 民宿 前庭 后院 面积 很大 汤池 没什么 小朋友 游玩 地方 户外 木质 桌椅 霉斑 房间 灯不亮 电动 窗帘 打不开 感觉 性价比 一般般 亲子 合适,0.09419756792317657,正面
于2023年10月入住,家庭亲子,5.0,房间干净整洁 服务：服务很好，管家小姐姐会帮忙搬箱子，退房后出去玩，行李寄存在这里比较方便，为了帮我减轻负担，店长直接告诉我可以帮我把行李箱直接滴滴送高铁站，这样我们就不用带着行李出去玩了，哈哈 另外小院子有桂花树，这个季节坐在院子里不要太舒服呀。,房间 干净 整洁 服务 服务 管家 小姐姐 帮忙 箱子 退房 出去玩 行李 寄存 减轻负担 店长 告诉 行李箱 滴滴 高铁 不用 行李 出去玩 院子 桂花树 季节 坐在 院子 舒服,0.9212672386973273,正面
于2023年10月入住,朋友出游,5.0,环境很好 国庆后来度假的 人不是特别的多，安静，舒适 店长和小姐姐们都很热情 发现他们家后院非常大 下次可以跟同事来团建,环境 国庆 度假 特别 安静 舒适 店长 小姐姐 热情 发现 后院 下次 同事 团建,0.8503236748099001,正面
于2023年10月入住,情侣出游,5.0,设施：有的都有哦 卫生：很干净 环境：拍照地方很多，很出片 服务：管家小姐姐们都十分热情，服务很好 早餐:早餐这个粉面真的惊艳到我了，很好吃。 适合情侣，家人来打卡休息，离城市不远，空气挺好，拍照的地方很多，强烈推荐的一个民宿。,设施 卫生 干净 环境 拍照 地方 服务 管家 小姐姐 热情 服务 早餐 早餐 粉面 真的 惊艳 好吃 适合 情侣 家人 打卡 休息 城市 不远 空气 拍照 地方 强烈推荐 民宿,0.996859910986821,正面
于2023年10月入住,情侣出游,5.0,房间不错 环境很好 但是有蚊子 后山有很多可以玩的 可惜都没去,房间 不错 环境 蚊子 后山 可惜 没去,0.8336917706491254,正面
于2023年10月入住,家庭亲子,5.0,野奢双人下午茶:很好吃 影院泡池房牛奶泡泡浴、玫瑰花:很舒服,双人 下午茶 好吃 影院 泡池 牛奶 泡泡浴 玫瑰花 舒服,0.7459881036274207,正面
于2023年10月入住,代人预订,5.0,服务态度非常好，环境也打理得非常有特色，时候拍照出片,服务态度 环境 打理 特色 拍照 出片,0.8303149248044448,正面
于2023年10月入住,朋友出游,5.0,管家热情装修特色,管家 热情 装修 特色,0.5752833791365517,正面
于2023年10月入住,家庭亲子,5.0,房东非常热情,房东 热情,0.47470524207933185,正面
于2023年10月入住,独自旅行,5.0,设施 房间很好，这个床垫很舒服，软硬适中最解乏啦。。有的酒店床垫非常松软，但是睡觉有种陷落感，第二天醒了腰痛。。这家完全不是，枕头和床垫的质感都很好，也没有那种清洗的滞涩感，舒适！配备新风系统，位置也在五一商圈内，方便。,设施 房间 床垫 舒服 软硬 适中 解乏 酒店 床垫 松软 睡觉 有种 陷落 第二天 腰痛 这家 枕头 床垫 质感 那种 清洗 滞涩 舒适 配备 新风 系统 位置 五一 商圈,0.9704742410233724,正面
于2023年10月入住,朋友出游,5.0,尊嘟很爱这种色调的民宿，温馨感达到最大值 位置在市中心附近，点外卖什么的都很方便 床也太软软软了叭！！！好喜欢 浴室和厕所是干湿分离，洗漱台在中间 马桶是智能马桶，用起来很舒适 房间放了一个小冰箱，买的东西怕坏的放里面保鲜就好啦，很贴心,色调 民宿 温馨 最大值 位置 市中心 外卖 太软 软软 喜欢 浴室 厕所 干湿 分离 洗漱 马桶 智能 马桶 舒适 房间 冰箱 东西 保鲜 贴心,0.9579984407838782,正面
于2023年10月入住,家庭亲子,5.0,推荐长沙这家民宿，服务和床品质量都很好，环境安静性价比超高，就在黄兴广场附近，出门走一下就到了笨萝卜，别挑来长沙就住这家，真的超值的,推荐 长沙 这家 民宿 服务 床品 质量 环境 安静 性价比 超高 黄兴广场 出门 笨萝卜 挑来 长沙 这家 真的 超值,0.9993913620261983,正面
于2023年10月入住,商务出差,5.0,房间出乎意料的好，价格也非常便宜。地段就在五一广场附近，但是很安静。走路一百米附近就有很多小吃店。超好的一次住房体验，以后来长沙还会住这里的。,房间 出乎意料 价格 便宜 地段 五一广场 安静 走路 一百米 小吃店 超好 住房 体验 长沙,0.9835109071620045,正面
于2023年10月入住,情侣出游,5.0,房间的感觉让人很舒服，管家阿姨的态度也很好，民宿位置也很好，去哪都方便，而且路口就有茶颜悦色。笨萝卜也很近,房间 感觉 舒服 管家 阿姨 态度 民宿 位置 路口 茶颜悦色 笨萝卜,-0.08531036580333473,负面
于2023年10月入住,朋友出游,5.0,酒店位置出行超级方便，很近黄兴步行街的地铁站，走几步就有很多吃的和网红店，闹中取静，房间干净够宽敞，下次还来啊！,酒店 位置 出行 超级 黄兴 步行街 地铁站 几步 和网 红店 闹中取静 房间 干净 宽敞 下次,0.999014091624423,正面
于2023年10月入住,情侣出游,5.0,房间很干净，床睡的很软，楼下就有笨萝卜和茶颜，很方便，下次来还要住,房间 干净 很软 楼下 笨萝卜 茶颜 下次,0.8943023515256083,正面
于2023年10月入住,家庭亲子,5.0,房间设计的很漂亮，住着很舒服，阿姨很热情态度很好，下次来还会住这家。,房间 设计 很漂亮 舒服 阿姨 热情 态度 下次 这家,0.9176857773731313,正面
于2023年10月入住,其他,5.0,房间不错 卫生也搞的挺干净  环境和服务都物有所值性价比值得肯定,房间 不错 卫生 干净 环境 服务 物有所值 性价比 值得 肯定,0.9982941715092539,正面
于2023年10月入住,情侣出游,5.0,房间很干净 装修也很漂亮 出行方便 阿姨也很热情～,房间 干净 装修 很漂亮 出行 阿姨 热情,0.9545986563406914,正面
于2023年10月入住,家庭亲子,5.0,特别好！出门就是步行街，晚上很多好吃的！房间好看，干净舒服,特别 出门 步行街 晚上 好吃 房间 好看 干净 舒服,0.6917521550744883,正面
于2023年10月入住,朋友出游,5.0,房间很大，性价比很好，位置很好找。,房间 很大 性价比 位置 好找,0.8895497454835397,正面
于2023年10月入住,情侣出游,5.0,房子位置处于黄兴街附近，出门右拐就是笨萝卜，在闹市中也不会有杂音吵，就是早晨小学生上学会吵到，不影响休息，房间里有投影，小桌，卫生间适合情侣使用，总体入住体检是不错的，值得再次入住,房子 位置 处于 黄兴 出门 笨萝卜 闹市 杂音 早晨 小学生 学会 影响 休息 房间 投影 小桌 卫生间 适合 情侣 总体 入住 体检 不错 值得 入住,0.05608489494129598,正面
于2023年10月入住,商务出差,5.0,位置特别好，虽然不像高层有很好的视野，但是居住环境真的特别特别到位，出门就是步行街，好愉快的住房体验，投影房很是舒服！,位置 特别 高层 很好 视野 居住 环境 真的 特别 特别 到位 出门 步行街 愉快 住房 体验 投影 舒服,0.997519719299838,正面
于2023年10月入住,其他,5.0,房间干净整洁，服务很好，住的很舒适，隔音效果好，休息的很好，出行很方便。住的很满意！值得推荐,房间 干净 整洁 服务 舒适 隔音 效果 休息 很好 出行 满意 值得 推荐,0.9962863047585544,正面
于2023年10月入住,独自旅行,5.0,环境、服务，没得说。离五一广场也近，而且还安静。如果有下次还会选择这家。,环境 服务 没得说 五一广场 安静 下次 选择 这家,0.9833247106891663,正面
于2023年10月入住,商务出差,5.0,房间大 和露台看日出很漂亮,房间 露台 日出 很漂亮,0.819185996213887,正面
于2023年10月入住,独自旅行,5.0,房间挺干净的,房间 干净,0.11367386902381393,正面
于2023年10月入住,情侣出游,5.0,国庆来长沙旅游，长沙本地人朋友帮忙定了这家酒店 长沙蒲舍民宿（国金中心店）市中心 国金中心国金中心旁边独栋民宿出门就是黄兴地铁站在黄兴路步行街很方便，出去岳麓山 橘子洲还有火车站 都是地铁直达就在网红店笨萝卜旁边，真的辣 味道的确好吃。旁边吃喝玩乐点满方便舒适的五星级酒店同款床品，好梦连连 床睡起来支撑性很好房间颜值也高，住起来就是心情好 随便拍照 很出片，舒服到不想退房……24小时私人管家服务房间小冰箱放饮料和吃的蛮方便换洗衣服可以给周姐免费洗干净、烘干,国庆 长沙 旅游 长沙 本地人 朋友 帮忙 这家 酒店 长沙 蒲舍 民宿 国金中心 市中心 国金中心 国金中心 旁边 独栋 民宿 出门 黄兴 地铁站 黄兴路 步行街 岳麓山 橘子洲 火车站 地铁 直达 网红店 笨萝卜 旁边 真的 味道 好吃 旁边 吃喝玩乐 舒适 五星级 酒店 同款 床品 支撑 房间 颜值 心情 随便 拍照 舒服 不想 退房 小时 私人 管家 服务 房间 冰箱 饮料 换洗 衣服 周姐 免费 干净 烘干,-0.8759957957533979,负面
于2023年10月入住,朋友出游,1.7,比较差的一次必须要写这个评价 国庆出来最后一天在长沙 房间隔音差极差在路边 路上车子也多声音很吵 ；后面帮我换了个房间 大早上洗澡看到了有史以来最大的蜘蛛 帅的他屁股疼 真的很无语 蜘蛛一点不夸张 怎么也有个十厘米 真的很吓人 本身就很怕这种爬虫然后晚上想洗澡 淋浴的水拧到最热 ；但是水也不热 常温偏热一点点就；然后浴缸的水一直是冷水 晚上热水供应很不足 ；早上洗澡这个水就是热的了太差了这个卫生 太无语了 这个卫生这个设备优化一下吧 国庆本来就点都不便宜 花钱买恐怖了真的很无语这次,评价 国庆 长沙 房间 隔音 极差 路边 路上 车子 声音 房间 早上 洗澡 有史以来 蜘蛛 屁股 真的 蜘蛛 一点 夸张 十厘米 真的 吓人 爬虫 晚上 洗澡 淋浴 最热 不热 常温 一点点 浴缸 冷水 晚上 热水 供应 早上 洗澡 卫生 无语 卫生 设备 优化 国庆 本来 就点 便宜 花钱买 恐怖 真的,-0.9999999999997566,负面
于2023年10月入住,朋友出游,5.0,民宿位置很好找有自己的停车场我们开车去市中心玩一会就到了。工作人员服务很好有求必应环境也很棒。民宿还养了一只小边牧也太可爱了又喜欢和人互动我和朋友揉了很久,民宿 位置 好找 停车场 开车 市中心 一会 工作人员 服务 有求必应 环境 很棒 民宿 还养 一只 小边牧 可爱 喜欢 互动 朋友 很久,0.9998353270666374,正面
于2023年10月入住,朋友出游,5.0,到民宿第一反应是空气真的好清新哈哈哈，刚好拍到了夕阳真的美绝了～还碰到有同学聚会搞活动在那里氛围也很好我都想去参加了。有一说一民宿整体很干净，服务很棒,民宿 第一 空气 真的 清新 哈哈哈 拍到 夕阳 真的 美绝 碰到 同学聚会 活动 氛围 很好 参加 有一 民宿 整体 干净 服务 很棒,0.9999990943041979,正面
于2023年10月入住,朋友出游,5.0,房间质感很好，应该是长沙最优民宿了。整个环境配套都很齐全，也不会无聊，拍照也很出片。管家很热情，接送帮忙拿行李入住。,房间 质感 长沙 最优 民宿 环境 配套 齐全 无聊 拍照 管家 热情 接送 帮忙 行李 入住,0.876731989170418,正面
于2023年10月入住,家庭亲子,5.0,服务很贴心，对人对宠物都很友好的一家民宿，很喜欢，下次还来,服务 贴心 宠物 友好 一家 民宿 喜欢 下次,0.9956787295222531,正面
于2023年10月入住,朋友出游,5.0,非常喜欢的一家民宿，来到这里感受到了真正的宁静与放松，超预期。秋天的旅途真的很舒服，抵达民宿的那刻很开心，管家提前调好的空调，进屋的温度很舒服，窗外的景色也很棒，主人还是很会选位置的，推荐推荐 开心,喜欢 一家 民宿 来到 感受 宁静 放松 预期 秋天 旅途 真的 舒服 抵达 民宿 那刻 开心 管家 提前 调好 空调 进屋 温度 舒服 窗外 景色 很棒 主人 位置 推荐 推荐 开心,0.9999519502070433,正面
于2023年10月入住,独自旅行,5.0,民宿是圣托里尼风格的，淡季人不多更能放松身心好好欣赏民宿的美。送的下午茶也很不错，听管家说老板现在在建泡池有点期待住了等天气再冷点再叫上朋友一起过来聚聚，长沙的美食也多大家快冲,民宿 圣托 里尼 风格 淡季 人不多 放松 身心 好好 欣赏 民宿 下午茶 不错 管家 老板 在建 泡池 期待 天气 冷点 朋友 聚聚 长沙 美食,0.9997849576044757,正面
于2023年10月入住,情侣出游,5.0,很舒服的酒店 设备齐全 工作人员有求必应 下次团建我也会选择这里,舒服 酒店 设备齐全 工作人员 有求必应 下次 团建 选择,0.9347518658973037,正面
于2023年10月入住,朋友出游,5.0,他家民宿真的好舒服呀，而且离岳麓山很近，地理位置特别好，选了很多家民宿终于选到了他们家真的太幸运了，而且有一个特别大的泳池，关键是拍照很出片，我和姐妹来都拍了很多照片非常满意，房间设施特别齐全，而且还送牛奶，还有贴心的早饭和下午茶服务，只要入住就送真的好划算呀，感觉来这里住，省去了不少烦恼！！管家真的很好大家也来出片吧,他家 民宿 真的 舒服 岳麓山 地理位置 特别 民宿 终于 选到 真的 幸运 特别 泳池 关键 拍照 姐妹 照片 满意 房间 设施 特别 齐全 牛奶 贴心 早饭 下午茶 服务 入住 真的 划算 感觉 省去 烦恼 管家 真的,0.9999999051843722,正面
于2023年10月入住,商务出差,5.0,非常好非常，下次还来他家,下次 他家,0.22620218892011934,正面
于2023年10月入住,情侣出游,5.0,体验太棒了，非常值。,体验 太棒了,0.8743264735007039,正面
于2023年10月入住,独自旅行,1.0,首先，我是有升房权益的，按道理应该给一个环境设施较好的，再怎么样也应该是一个高大而不应该给我一个标间，其次，这个房间环境真的很差，进门就给人一种很低端的旅馆的感觉，床上也湿漉漉的，睡的很不舒服，另外，管家的服务真的很差，还没入住就说不要给差评，但是这种不给差评真的很难，这种酒店，大家谨慎入住，真实评价没有任何水分,有升 权益 道理 环境 设施 较好 高大 标间 房间 环境 真的 进门 一种 低端 旅馆 感觉 床上 湿漉漉 舒服 管家 服务 真的 入住 差评 差评 真的 酒店 谨慎 入住 真实 评价 水分,-0.9998512988986421,负面
于2023年10月入住,朋友出游,5.0,房间有洗衣机 投影仪都可使用 卫生很干净 晚上也安静 100+的价格非常值得 前台的小姐姐态度很好 回复消息及时 性价比高 强烈推荐 棒棒,房间 洗衣机 投影仪 卫生 干净 晚上 安静 价格 值得 前台 小姐姐 态度 回复 消息 性价比 强烈推荐 棒棒,0.9621708830494098,正面
于2023年10月入住,朋友出游,5.0,朋友推荐的，很满意，下次去长沙还住这家,朋友 推荐 满意 下次 长沙 这家,0.10852289633237122,正面
于2023年10月入住,家庭亲子,5.0,住的挺温馨的，环境很好，每次都住此家民宿,温馨 环境 每次 此家 民宿,0.7112456697654213,正面
于2023年10月入住,朋友出游,5.0,设施环境服务都非常好,设施 环境 服务,0.1328693222171704,正面
于2023年10月入住,其他,4.7,房间与图片基本一致,房间 图片 基本一致,-0.08355502866160758,负面
于2023年10月入住,独自旅行,5.0,非常不错呢,不错,0.7224264705882353,正面
于2023年10月入住,商务出差,4.0,还算可以酒店比较新，服务员态度不不错。就是房间空间不算大出差的基本算性价比高的重点比较干净,酒店 服务员 态度 不错 房间 空间 不算 出差 性价比 重点 干净,0.894148296387892,正面
于2023年10月入住,朋友出游,5.0,设施：齐全 卫生：干净 环境：整洁 服务：很好。 郑州来长沙旅游的，体验感真的不错,设施 齐全 卫生 干净 环境 整洁 服务 郑州 长沙 旅游 体验 真的 不错,0.9927450492429211,正面
于2023年10月入住,朋友出游,5.0,我觉得住的挺好的 双人床很宽敞 房间也很干净 服务更好 住的很舒服,挺好 双人床 宽敞 房间 干净 服务 更好 舒服,0.9524614305505841,正面
于2023年10月入住,独自旅行,5.0,卫生：干净舒适，没有异味 环境：四楼靠近马路边上还是有点噪音的,卫生 干净 舒适 异味 环境 四楼 靠近 马路边 噪音,-0.5906498357659993,负面
于2023年10月入住,情侣出游,5.0,住店体验很棒，已经第二次入住了，房间干净整洁，前台服务热情。,住店 体验 很棒 第二次 入住 房间 干净 整洁 前台 服务 热情,0.8123557924330171,正面
于2023年10月入住,情侣出游,5.0,服务：老板人很好 卫生：房间非常干净，也很新，下次再来住,服务 老板 卫生 房间 干净 下次 再来,-0.6876654335560537,负面
于2023年10月入住,朋友出游,5.0,卫生好 环境也很不错 前台小姐姐很热情 下次还定这,卫生 环境 不错 前台 小姐姐 热情 下次 还定,0.9689915778432041,正面
于2023年10月入住,朋友出游,1.0,刚住的还可以，住了怎么长时间，越住越差劲,长时间 差劲,-0.7298689800413927,负面
于2023年10月入住,商务出差,5.0,非常方便，房间也舒适，和旁边的五星级一样,房间 舒适 旁边 五星级,0.322017412142626,正面
于2023年10月入住,情侣出游,5.0,老顾客了，房间干净整洁，交通也十分便利,顾客 房间 干净 整洁 交通 便利,0.9308515375575024,正面
于2023年10月入住,朋友出游,5.0,还可以就是卫生间的水流的有点慢 很难干,卫生间 水流,-0.5266109493697493,负面
于2023年10月入住,情侣出游,5.0,住很多次了，离学校很近。环境也很好,学校 环境,0.944529837310224,正面
于2023年10月入住,商务出差,3.0,房子是新的，户型有点小，总体一般,房子 户型 总体,0.7593452500083571,正面
于2023年10月入住,情侣出游,5.0,大气上档次 真的不错 价格合理,大气 上档次 真的 不错 价格合理,0.9959721099100576,正面
于2023年10月入住,独自旅行,5.0,这个民宿很好，我的家人很满意。,民宿 家人 满意,0.6833675028249402,正面
于2023年10月入住,代人预订,5.0,浴室无干湿分离，其他的都挺好,浴室 干湿 分离,0.21244512860770493,正面
于2023年10月入住,朋友出游,4.7,前台小姐姐超级有耐心滴！,前台 小姐姐 超级 耐心,0.21663486008768995,正面
于2023年10月入住,独自旅行,5.0,周边环境好，空间大，干净,周边环境 空间 干净,0.6408079884488025,正面
于2023年10月入住,情侣出游,4.0,挺好的卫生,卫生,-0.423220973782771,负面
于2023年10月入住,朋友出游,5.0,新的民宿，还不错,民宿 不错,0.7868424794962077,正面
于2023年10月入住,情侣出游,5.0,很满意的一次入住,满意 入住,0.17261363539596442,正面
于2023年10月入住,朋友出游,5.0,可以的，推荐入住,推荐 入住,0.009580769199571071,正面
于2023年10月入住,情侣出游,5.0,很喜欢 很安静,喜欢 安静,0.6793970341076792,正面
于2023年10月入住,朋友出游,5.0,不错，值得信赖,不错 值得 信赖,0.9956586449655613,正面
于2023年10月入住,情侣出游,5.0,很干净 很舒服,干净 舒服,0.6190431585967386,正面
于2023年10月入住,情侣出游,5.0,房间干净整洁,房间 干净 整洁,0.7852822427191486,正面
于2023年10月入住,其他,5.0,不错的，干净,不错 干净,0.8410794167280102,正面
于2023年10月入住,朋友出游,5.0,总体满意的,总体 满意,0.7772356912905012,正面
于2023年10月入住,情侣出游,5.0,房间特别好,房间 特别,-0.0343954931906707,负面
于2023年10月入住,家庭亲子,4.0,服务挺好，免费停车，前台小姐姐长得很漂亮，估计是几个合伙人。一楼是个不错的酒吧和咖啡厅，适合约会。房间硬件一般，相对价位来说性价比一般，如果便宜几百应该就很不错了。,服务 免费 停车 前台 小姐姐 很漂亮 估计 几个 合伙人 一楼 不错 酒吧 咖啡厅 适合 约会 房间 硬件 价位 性价比 便宜 几百 不错,0.9997814640303417,正面
于2023年10月入住,朋友出游,5.0,非常棒的民宿，没有照骗。 有前后小院，顶楼是公共区域很适合聚会。 就是酒店外面马路在施工有点吵，等路改造结束应该就没啥缺点了吧,民宿 照骗 小院 顶楼 公共 区域 适合 聚会 酒店 外面 马路 施工 改造 结束 缺点,-0.2776381810837203,负面
于2023年10月入住,商务出差,5.0,服务态度很好，出行方便，服务员小姐姐帮忙领行李到楼上，环境好，有天台可看江景，下次来还住这里，非常棒,服务态度 出行 服务员 小姐姐 帮忙 行李 楼上 环境 天台 江景 下次,0.5460636458999697,正面
于2023年10月入住,情侣出游,5.0,体验感很好诶！！！下次还会来,体验 下次,0.36972945452280737,正面
于2023年10月入住,家庭亲子,5.0,管家们服务很好很到位，夜丘门口的金桂花很香，门口可以停车也方便,管家 服务 很好 到位 夜丘 门口 桂花 门口 停车,0.693216230213193,正面
于2023年10月入住,家庭亲子,5.0,房间卫生很干净，前台姐姐很热情，也给了很好我出游建议，连很贴心的给了我地铁站到民宿的视频。好喜欢一楼酒吧和咖啡室的气氛，也可以上5楼的画室清静得享受一下，6楼大阳台可以观看到灯光秀哦。,房间 卫生 干净 前台 姐姐 热情 很好 出游 建议 贴心 地铁站 民宿 视频 喜欢 一楼 酒吧 咖啡室 气氛 画室 清静 享受 楼大 阳台 观看 灯光,0.9992825757318642,正面
于2023年10月入住,家庭亲子,5.0,很不错，位置好服务好,不错 位置 服务,0.8188443554303995,正面
于2023年10月入住,家庭亲子,5.0,地段优越，离坡子街和文和友只几分钟。设计有特色，能同时享有江景，复式公寓，酒店，帐篷，家的感觉，歌唱到嗨，淋浴水很大比许多民宿都好，重要的还有新啊。总之很满意，下次可以住其他房型。真是当家了，图片就凑合着看吧。,地段 优越 坡子街 文和友 几分钟 设计 特色 享有 江景 复式 公寓 酒店 帐篷 感觉 歌唱 淋浴 很大 民宿 满意 下次 房型 当家 图片 凑合着 看吧,0.512725294686188,正面
于2023年10月入住,朋友出游,5.0,房间非常舒服，有智能马桶和浴缸，配了一次性浴缸套马桶套，房间每天有阿姨打扫很干净。下次再来住隔壁复古风房间，路过看起来很不错，哈哈。推荐推荐！,房间 舒服 智能 马桶 浴缸 一次性 浴缸 马桶 房间 阿姨 打扫 干净 下次 再来 隔壁 复古风 房间 路过 不错 推荐 推荐,-0.9136123857101957,负面
于2023年10月入住,家庭亲子,5.0,很好的民宿，配备的用品是住过的民宿最好的之一，值得推荐。下次来长沙还要入住这里，附近超方便，地理位置很好～五一广场、国金、黄兴步行街、坡子街…,很好 民宿 配备 用品 民宿 值得 推荐 下次 长沙 入住 地理位置 五一广场 国金 黄兴 步行街 坡子街,0.784819242334138,正面
于2023年10月入住,家庭亲子,5.0,房间非常干净舒适，位置很好，楼层高，可以直接看到橘子洲，距离市中心也近，下楼几分钟就到文和友了。 房间设施齐全，生活便利，装修风格也很棒，房东非常热心，回复很耐心。非常推荐入住。,房间 干净 舒适 位置 楼层 橘子洲 距离 市中心 下楼 几分钟 文和友 房间 设施 齐全 生活 便利 装修 风格 很棒 房东 非常热心 回复 耐心 推荐 入住,0.9999601199516917,正面
于2023年10月入住,家庭亲子,5.0,位置好，卫生好，有格调，视野也不错设备和配套在民宿里算下功夫的，家里的设施也很好，不廉价，比同类酒店能打过来玩住这里很方便附近想吃想逛的都不会太远对面还有大房间，和朋友家人在来住这里可太合适了,位置 卫生 格调 视野 不错 设备 配套 民宿 下功夫 家里 设施 廉价 同类 酒店 玩住 想逛 对面 房间 朋友家 来住 合适,0.9992938300685565,正面
于2023年10月入住,朋友出游,5.0,事实证明选择没错，地段黄金位置，出行极其方便，住宿环境对于比较挑剔的我也是给赞了，洗漱用品都是品牌的，包括纸巾也是品牌的，送的水果也是很新鲜，有什么要求和管家联系后及时到位！总之体验感很好！会建议朋友选择这家！,事实证明 选择 没错 地段 黄金 位置 出行 住宿 环境 挑剔 给赞 洗漱 用品 品牌 包括 纸巾 品牌 水果 新鲜 管家 到位 体验 建议 朋友 选择 这家,0.9828074638133637,正面
于2023年10月入住,家庭亲子,5.0,真的特别棒的民宿 一家人去住也不会拥挤 住的是三室一厅两卫 设施齐全跟在家里一样 洗衣机水吧小冰箱都有满足日常所需 卫生清理也很及时~超级棒 棒,真的 特别 民宿 一家人 拥挤 三室一厅 设施 齐全 家里 洗衣机 水吧 冰箱 日常 卫生 清理 超级,-0.7050862289383644,负面
于2023年10月入住,朋友出游,5.0,非常满意！房间非常干净 装修很温馨～ 很适合一家人出游、闺蜜出游。 房东人也非常非常好，回复都非常及时。如果再来，还会选择云隐。,满意 房间 干净 装修 温馨 适合 一家人 出游 闺蜜 出游 房东 回复 选择 云隐,0.9787232441920095,正面
于2023年10月入住,朋友出游,5.0,酒店位于市中心，出入方便，周边都是各种网红打卡点。房间布置温馨，各种设施便利，店主也非常热情，值得推荐。,酒店 位于 市中心 出入 周边 网红 打卡 房间 布置 温馨 设施 便利 店主 热情 值得 推荐,0.9978066411775062,正面
于2023年10月入住,朋友出游,5.0,位置很便利，无接触入住也很方便，干净卫生，4居室适合几个好友聊天、休闲，很推荐,位置 便利 接触 入住 干净 卫生 居室 适合 几个 好友 聊天 休闲 推荐,0.9954279908095849,正面
于2023年10月入住,情侣出游,5.0,位置好，房间很安静，过马路就是老街，吃的很多，旁边有商场,位置 房间 安静 马路 老街 旁边 商场,0.7086830380206179,正面
于2023年10月入住,朋友出游,4.0,地段位置还好，但房间连个衣柜都没有，很不方便。,地段 位置 还好 房间 衣柜,-0.08963944731353113,负面
于2023年10月入住,其他,1.0,大早上吵的要死，装修的咚咚咚的，没法睡就是,早上 要死 装修 咚咚 没法,-0.963635327782338,负面
于2023年10月入住,家庭亲子,5.0,很不错，干净整洁，床很舒服。,不错 干净 整洁 舒服,0.9873506660659075,正面
于2023年10月入住,朋友出游,5.0,满意很好，房间搭,满意 房间,0.18383563594128405,正面
于2023年10月入住,朋友出游,5.0,很好方便舒适,舒适,0.5707762557077627,正面
于2023年10月入住,朋友出游,5.0,环境很不错！刚好赶上老板娘在烤面包，体验了下窑烤面包的乐趣，院子很安静，让人惊喜的是卫生特别好，从一进大门到房间，每个地方都干干净净的，下次一定再来！！,环境 不错 赶上 老板娘 烤面包 体验 了下 烤面包 乐趣 院子 安静 惊喜 卫生 特别 大门 房间 地方 干干净净 下次,0.9998654790856629,正面
于2023年10月入住,情侣出游,5.0,锁死！锁死！锁死！来长沙锁死这家名宿，太爱了！进门就给人一种十分惬意的感觉，可以让人丢掉所有的疲惫和烦恼。房间风格也很清新淡雅，设施齐全，管家小姐姐很贴心，温柔的很。五颗星！十分推荐！,锁死 锁死 锁死 长沙 锁死 这家 名宿 进门 一种 惬意 感觉 丢掉 疲惫 烦恼 房间 风格 清新 淡雅 设施 齐全 管家 小姐姐 贴心 温柔 五颗星 推荐,0.9926873253715447,正面
于2023年10月入住,朋友出游,5.0,太喜欢他们家的图书馆了！很漂亮，房间也是简约风的设计，给人感觉很舒服，卫生也挑不出毛病，算是长沙之旅住的最满意的一家民宿了！,喜欢 图书馆 很漂亮 房间 简约 设计 感觉 舒服 卫生 挑不出 毛病 算是 长沙 旅住 满意 一家 民宿,0.9994309251880091,正面
于2023年10月入住,家庭亲子,5.0,很干净的民宿，在院子喝喝茶聊聊天简直太放松了，服务也挺好的，喜欢他们家的风格，简约舒适。下次再带爸妈来玩,干净 民宿 院子 喝茶 聊聊天 放松 服务 挺好 喜欢 风格 简约 舒适 下次 爸妈,0.9996308826415599,正面
于2023年10月入住,独自旅行,5.0,真的强推！在市中心玩了一天，晚上回来民宿感觉太安逸了！喝喝茶聊聊天，缓解一天的疲劳，下次有机会再来玩，美女小管家的服务也特别好！,真的 强推 市中心 晚上 回来 民宿 感觉 安逸 喝茶 聊聊天 缓解 疲劳 下次 机会 再来 美女 管家 服务 特别,0.9844238028820351,正面
于2023年10月入住,家庭亲子,5.0,民宿非常干净，比很多星级酒店做的还要到位。老板和员工都很热情。体验非常好，猫儿子们非常喜欢会推荐给朋友们！,民宿 干净 星级 酒店 到位 老板 员工 热情 体验 儿子 喜欢 推荐 朋友,0.9462279399549931,正面
于2023年10月入住,其他,5.0,很有设计感得一家民宿，小管家们的服务特别好，爸妈这次住的特别开心，很安静惬意！推荐！,设计 感得 一家 民宿 管家 服务 特别 爸妈 特别 开心 安静 惬意 推荐,0.9982325000159891,正面
于2023年10月入住,商务出差,5.0,很喜欢这种风格，非常放松！酒店住多了，偶尔住一次民宿真的惬意，工作人员也特别亲切，满意,喜欢 风格 放松 酒店 民宿 真的 惬意 工作人员 特别 亲切 满意,0.999403362445717,正面
于2023年10月入住,家庭亲子,5.0,服务超好，会提前联系，推荐附近的餐厅旅游攻略，房间干净整洁，风景宜人，早餐也很美味,服务 超好 提前 推荐 餐厅 旅游 攻略 房间 干净 整洁 风景 宜人 早餐 美味,0.9851331103874861,正面
于2023年10月入住,朋友出游,5.0,住的超舒服，满院子都是桂花香味，特别好闻，房间还准备了零食和水果，满分！,舒服 院子 桂花 香味 特别 好闻 房间 零食 水果 满分,0.9992170921272405,正面
于2023年10月入住,朋友出游,5.0,拍照出片，真的绝绝子！光影真的好美啊，而且还体验了烤面包，好吃！,拍照 出片 真的 绝绝子 光影 真的 体验 烤面包 好吃,0.5646003480478723,正面
于2023年10月入住,情侣出游,5.0,环境很好 舒适度100分 下午在院子喝喝茶惬意的很,环境 舒适度 下午 院子 喝茶 惬意,0.9944002551068027,正面
于2023年10月入住,其他,5.0,很有设计感的一家民宿，一切都恰到好处，清爽干净，入住感挺好的,设计 一家 民宿 恰到好处 清爽 干净 入住,0.8739754601688405,正面
于2023年10月入住,情侣出游,5.0,环境优美，房间设备齐全，下次聚会来烧烤，小管家很热情，点赞,环境优美 房间 设备齐全 下次 聚会 烧烤 管家 热情,0.964813761626049,正面
于2023年10月入住,朋友出游,5.0,设施：很齐全。卫生：干净整洁，清洁及时环境：漂亮有特色，是住过最舒服的民宿，绿植都很用心的养护打理，是一个用心的民宿。拍照随便一个位置都很出片服务：细心热情贴心，前台小妹妹帮忙拍小视频和照片。围炉煮茶:很有特色，适合跟朋友家人聚会放松，茶点水果和茶叶都选的很好，很用心。早餐:早餐有阿姨现煮的湖南米粉，食材新鲜且好吃，还有山姆会员店的鲜奶，麻薯，蛋糕，水果等早餐，品质有保证，,设施 齐全 卫生 干净 整洁 清洁 环境 漂亮 特色 最舒服 民宿 绿植 用心 养护 打理 用心 民宿 拍照 随便 位置 服务 细心 热情 贴心 前台 小妹妹 帮忙 小视频 照片 围炉 煮茶 特色 适合 朋友家 聚会 放松 茶点 水果 茶叶 很好 用心 早餐 早餐 阿姨 湖南 米粉 食材 新鲜 好吃 山姆 会员 鲜奶 麻薯 蛋糕 水果 早餐 品质 保证,0.9999999999498068,正面
于2023年10月入住,独自旅行,5.0,环境不错，卫生干净，房间很舒适,环境 不错 卫生 干净 房间 舒适,0.860088834910252,正面
于2023年10月入住,家庭亲子,5.0,院子很舒服，很适合一家人出来玩,院子 舒服 适合 一家人,0.7442388651554868,正面
于2023年10月入住,独自旅行,5.0,服务态度好，环境好,服务态度 环境,0.04526164225435103,正面
于2023年10月入住,情侣出游,5.0,非常推荐！干净卫生！,推荐 干净 卫生,0.07952569088027284,正面
于2023年10月入住,朋友出游,5.0,房间卫生干净整洁，还有投影仪像在私人影院看电影，图书馆看书很惬意，拍照也很出片，服务也很贴心，很推荐哦,房间 卫生 干净 整洁 投影仪 私人 影院 电影 图书馆 看书 惬意 拍照 服务 贴心 推荐,0.9999959179222018,正面
于2023年10月入住,其他,5.0,环境很好，姐姐们也很热情友善，各种细节都很用心，投影仪也很好用，下次还来！,环境 姐姐 热情 友善 细节 用心 投影仪 好用 下次,0.9993777882582371,正面
于2023年10月入住,商务出差,5.0,小姐姐很热情，民宿很舒服，在院子围炉煮茶很惬意，下次来长沙还来住！,小姐姐 热情 民宿 舒服 院子 围炉 煮茶 惬意 下次 长沙,0.9943643356340681,正面
于2023年10月入住,朋友出游,5.0,服务热情、细心。环境不错，适合放松、遐想。最爱在院子里煮茶了。,服务 热情 细心 环境 不错 适合 放松 遐想 院子 煮茶,0.9995848851578211,正面
于2023年10月入住,独自旅行,5.0,房间干净整洁 入住体验满满的  推荐,房间 干净 整洁 入住 体验 满满的 推荐,0.8811855100104125,正面
于2023年10月入住,独自旅行,5.0,环境好看，干净卫生，工作人员很热情,环境 好看 干净 卫生 工作人员 热情,0.7033879189870282,正面
于2023年10月入住,其他,5.0,房间很干净，工作人员也特别热情，很舒服的一家民宿，风格简约不失设计感，小管家送我们的窑烤面包很好吃哦～下次带孩子过来玩，长沙的民宿住过很多，直木山集确实各方面都挺不错的！,房间 干净 工作人员 特别 热情 舒服 一家 民宿 风格 简约 不失 设计 管家 烤面包 好吃 下次 孩子 长沙 民宿 直木山 确实 挺不错,0.9999822787305563,正面
于2023年10月入住,家庭亲子,5.0,房间干净，服务好,房间 干净 服务,0.0834743305655754,正面
